Record_ID,City,Date,AQI,PM2_5,PM10,Humidity,Temperature_C,NO2,SO2
1,Mumbai,2024-01-01,51,161.0,90.5,85,19.9,116.6,37.0
2,Ahmedabad,2024-01-02,186,118.1,25.6,85,20.4,7.9,34.6
3,Pune,2024-01-03,118,50.5,259.2,60,29.0,35.0,16.1
4,Mumbai,2024-01-04,231,88.3,232.6,55,39.4,68.2,77.4
5,Chennai,2024-01-05,226,82.7,78.8,53,10.3,76.2,49.1
6,Bengaluru,2024-01-06,74,36.0,281.1,58,22.6,36.6,65.5
7,Bengaluru,2024-01-07,108,141.3,118.7,42,37.2,100.1,40.7
8,Chennai,2024-01-08,68,193.3,64.5,63,23.1,23.9,58.4
9,Pune,2024-01-09,313,148.1,159.4,89,33.0,5.1,77.6
10,Chennai,2024-01-10,184,208.3,50.0,77,32.1,114.5,29.2
11,Kolkata,2024-01-11,178,40.6,106.9,78,16.6,50.0,41.3
12,Bengaluru,2024-01-12,81,114.5,142.5,45,24.4,115.1,42.1
13,Pune,2024-01-13,280,156.3,301.1,41,28.1,37.0,79.4
14,Delhi,2024-01-14,176,172.2,281.5,59,32.9,12.3,20.2
15,Ahmedabad,2024-01-15,287,177.0,166.1,30,36.3,93.8,54.7
16,Mumbai,2024-01-16,302,185.0,259.1,28,34.3,101.1,12.8
17,Bengaluru,2024-01-17,154,166.3,207.7,31,10.9,61.6,74.3
18,Chennai,2024-01-18,233,32.6,132.5,45,31.5,13.5,48.0
19,Delhi,2024-01-19,285,176.9,259.5,57,25.9,80.2,69.0
20,Ahmedabad,2024-01-20,160,183.9,245.6,22,28.4,25.9,71.8
21,Ahmedabad,2024-01-21,50,248.4,224.3,34,21.9,102.7,45.5
22,Ahmedabad,2024-01-22,107,176.4,223.9,66,32.8,36.5,55.2
23,Kolkata,2024-01-23,80,174.8,245.4,24,31.6,102.5,56.5
24,Hyderabad,2024-01-24,295,133.6,146.9,73,28.5,54.1,37.9
25,Kolkata,2024-01-25,145,218.3,306.8,43,37.6,73.6,35.9
26,Delhi,2024-01-26,84,249.2,73.6,30,13.3,95.8,16.5
27,Ahmedabad,2024-01-27,321,197.0,311.7,52,19.6,9.7,31.9
28,Pune,2024-01-28,80,157.0,133.0,93,25.8,99.4,79.3
29,Pune,2024-01-29,302,28.9,61.3,76,40.7,20.9,23.0
30,Delhi,2024-01-30,283,184.4,218.0,71,12.3,46.2,61.5
31,Pune,2024-01-31,90,180.1,144.1,83,20.8,59.4,6.6
32,Chennai,2024-02-01,254,196.1,289.1,62,39.6,108.0,38.5
33,Pune,2024-02-02,132,39.9,162.2,63,38.7,7.6,6.6
34,Hyderabad,2024-02-03,77,166.9,240.6,55,37.7,69.3,39.1
35,Chennai,2024-02-04,254,81.0,121.7,31,19.9,78.9,4.1
36,Mumbai,2024-02-05,262,192.5,89.1,75,37.1,41.4,49.8
37,Pune,2024-02-06,99,67.7,148.1,22,26.2,38.4,47.7
38,Hyderabad,2024-02-07,76,174.2,220.2,69,29.8,61.4,64.2
39,Hyderabad,2024-02-08,257,80.8,236.8,48,17.6,26.5,47.5
40,Mumbai,2024-02-09,39,12.2,210.8,35,32.6,58.8,74.2
41,Kolkata,2024-02-10,214,162.0,346.1,59,20.5,93.0,63.1
42,Delhi,2024-02-11,109,37.2,248.1,46,21.0,102.2,12.3
43,Kolkata,2024-02-12,42,168.2,327.4,89,30.4,49.3,22.7
44,Pune,2024-02-13,343,232.1,58.9,61,17.7,76.0,4.0
45,Pune,2024-02-14,113,242.6,40.3,76,17.2,5.0,32.1
46,Chennai,2024-02-15,115,66.6,122.6,29,21.8,68.3,41.7
47,Bengaluru,2024-02-16,186,204.2,65.1,57,34.9,117.2,75.8
48,Pune,2024-02-17,173,94.9,193.5,27,17.2,40.9,42.7
49,Pune,2024-02-18,92,226.1,191.3,37,35.2,73.4,62.9
50,Chennai,2024-02-19,72,199.0,209.8,36,32.3,92.7,22.9
51,Bengaluru,2024-02-20,187,27.7,265.9,77,31.7,75.0,13.9
52,Ahmedabad,2024-02-21,214,107.7,340.5,85,25.2,53.1,65.2
53,Ahmedabad,2024-02-22,315,91.0,309.8,63,33.9,22.5,21.3
54,Ahmedabad,2024-02-23,53,198.4,59.1,93,10.4,58.3,70.0
55,Delhi,2024-02-24,234,108.5,131.7,28,19.8,38.9,15.2
56,Delhi,2024-02-25,253,174.3,104.4,67,31.7,85.0,68.4
57,Ahmedabad,2024-02-26,130,154.6,78.3,58,41.6,55.8,62.3
58,Hyderabad,2024-02-27,233,244.2,199.8,25,10.1,102.7,49.7
59,Delhi,2024-02-28,37,235.1,202.6,49,26.3,27.2,68.3
60,Mumbai,2024-02-29,201,112.6,95.0,93,39.6,53.0,27.8
61,Mumbai,2024-03-01,237,183.7,254.9,37,37.6,69.1,15.0
62,Ahmedabad,2024-03-02,125,209.1,261.9,62,10.7,19.5,14.2
63,Bengaluru,2024-03-03,191,225.7,26.9,52,26.9,72.6,23.1
64,Kolkata,2024-03-04,320,26.4,150.6,72,10.1,38.5,36.8
65,Hyderabad,2024-03-05,125,82.5,313.7,75,35.3,31.4,70.3
66,Kolkata,2024-03-06,335,86.9,191.7,38,19.9,21.3,9.0
67,Bengaluru,2024-03-07,174,114.3,134.7,88,34.5,45.2,73.4
68,Mumbai,2024-03-08,287,50.6,103.7,45,40.2,111.8,74.2
69,Chennai,2024-03-09,329,129.1,100.3,48,41.2,8.6,58.7
70,Pune,2024-03-10,131,169.2,52.9,43,38.6,103.0,72.2
71,Ahmedabad,2024-03-11,206,129.4,289.7,25,16.5,50.7,62.1
72,Hyderabad,2024-03-12,139,169.8,48.6,73,16.2,69.6,43.2
73,Bengaluru,2024-03-13,227,25.9,116.5,58,30.0,64.0,48.9
74,Kolkata,2024-03-14,158,220.2,35.1,23,27.4,111.5,51.0
75,Bengaluru,2024-03-15,166,235.4,277.9,77,10.3,93.6,11.9
76,Bengaluru,2024-03-16,56,158.3,33.0,67,22.5,118.3,17.1
77,Delhi,2024-03-17,166,221.5,121.7,79,39.0,96.4,42.8
78,Ahmedabad,2024-03-18,193,41.5,209.2,45,38.7,39.0,11.0
79,Mumbai,2024-03-19,160,201.4,155.2,59,16.5,115.7,77.3
80,Hyderabad,2024-03-20,180,38.6,113.1,75,22.2,118.1,41.6
81,Delhi,2024-03-21,275,107.9,110.8,58,27.9,19.2,31.6
82,Mumbai,2024-03-22,139,87.7,283.3,58,37.3,108.6,14.3
83,Ahmedabad,2024-03-23,102,150.5,341.4,67,27.0,81.4,34.5
84,Bengaluru,2024-03-24,315,82.4,134.9,44,41.0,111.0,25.6
85,Mumbai,2024-03-25,304,163.0,32.9,53,35.6,110.3,8.9
86,Kolkata,2024-03-26,96,98.2,32.1,40,40.5,107.5,77.4
87,Ahmedabad,2024-03-27,79,216.6,270.5,44,33.4,106.8,22.7
88,Hyderabad,2024-03-28,333,162.1,202.3,41,38.1,18.5,55.9
89,Ahmedabad,2024-03-29,32,61.7,278.6,42,36.6,21.5,9.1
90,Ahmedabad,2024-03-30,255,90.7,250.2,44,18.1,18.5,73.2
91,Delhi,2024-03-31,95,213.4,319.5,45,17.3,15.5,48.1
92,Hyderabad,2024-04-01,184,102.8,312.3,49,37.7,45.6,53.2
93,Bengaluru,2024-04-02,140,138.6,280.1,57,12.7,83.7,63.0
94,Kolkata,2024-04-03,325,165.7,176.8,53,23.1,45.8,49.3
95,Mumbai,2024-04-04,285,93.5,121.7,92,36.3,87.8,7.5
96,Pune,2024-04-05,303,80.6,187.3,34,36.0,99.3,35.5
97,Mumbai,2024-04-06,184,124.1,185.7,63,14.4,81.6,22.4
98,Kolkata,2024-04-07,168,61.6,221.4,29,25.6,58.5,40.0
99,Pune,2024-04-08,196,78.2,81.4,56,25.4,39.0,33.5
100,Mumbai,2024-04-09,48,24.9,236.4,26,20.4,19.3,66.5
101,Delhi,2024-04-10,252,83.0,170.7,51,39.3,61.8,21.3
102,Chennai,2024-04-11,86,87.0,224.7,30,30.9,87.8,17.7
103,Mumbai,2024-04-12,323,240.8,99.1,67,41.4,68.0,76.7
104,Bengaluru,2024-04-13,162,151.5,163.4,87,12.1,88.0,76.1
105,Mumbai,2024-04-14,321,199.0,89.4,67,22.6,43.6,79.5
106,Hyderabad,2024-04-15,234,20.9,308.9,64,36.7,12.7,46.3
107,Bengaluru,2024-04-16,148,35.6,181.0,52,23.5,93.7,10.8
108,Mumbai,2024-04-17,282,205.5,94.2,23,18.4,30.3,70.7
109,Mumbai,2024-04-18,114,159.7,33.6,66,41.9,75.9,13.3
110,Ahmedabad,2024-04-19,214,55.8,243.0,72,37.9,97.5,14.1
111,Bengaluru,2024-04-20,254,107.2,90.8,50,27.5,21.0,17.1
112,Delhi,2024-04-21,177,139.3,346.6,50,28.0,73.8,53.0
113,Pune,2024-04-22,309,212.5,196.1,46,10.2,84.3,10.4
114,Pune,2024-04-23,256,24.5,115.4,67,41.4,90.9,62.7
115,Chennai,2024-04-24,315,153.2,237.0,55,35.8,22.0,6.5
116,Chennai,2024-04-25,313,182.1,110.8,68,11.2,99.9,10.6
117,Pune,2024-04-26,210,244.7,290.7,50,15.6,15.8,35.9
118,Delhi,2024-04-27,138,203.7,121.7,63,36.3,64.8,31.6
119,Mumbai,2024-04-28,164,76.3,346.1,78,12.8,56.0,79.2
120,Chennai,2024-04-29,320,180.3,219.7,42,40.1,30.5,77.4
121,Delhi,2024-04-30,319,193.2,298.7,87,42.0,39.7,16.8
122,Delhi,2024-05-01,132,185.1,44.0,61,38.4,23.9,75.8
123,Chennai,2024-05-02,230,206.8,134.9,61,33.6,54.0,56.0
124,Pune,2024-05-03,146,226.9,263.4,32,25.6,9.1,33.9
125,Bengaluru,2024-05-04,339,33.6,236.2,20,12.6,107.2,59.7
126,Kolkata,2024-05-05,58,35.1,84.1,72,33.4,23.8,72.2
127,Pune,2024-05-06,56,201.1,137.5,59,22.7,106.9,16.1
128,Bengaluru,2024-05-07,42,70.6,106.9,65,28.2,104.3,17.3
129,Pune,2024-05-08,71,24.0,222.4,41,19.4,56.9,33.9
130,Mumbai,2024-05-09,253,106.3,133.7,71,17.7,62.2,15.2
131,Bengaluru,2024-05-10,50,206.8,122.0,47,20.4,39.7,30.1
132,Hyderabad,2024-05-11,165,40.4,88.4,72,36.0,119.6,52.4
133,Kolkata,2024-05-12,250,171.2,155.0,82,23.6,82.1,65.4
134,Pune,2024-05-13,174,10.9,84.5,36,20.0,114.5,25.6
135,Ahmedabad,2024-05-14,39,36.3,337.6,83,23.9,52.7,24.0
136,Kolkata,2024-05-15,254,94.2,71.0,25,11.0,106.5,62.8
137,Delhi,2024-05-16,170,30.1,321.4,33,38.5,56.5,31.7
138,Hyderabad,2024-05-17,135,213.0,161.4,36,27.7,104.7,65.8
139,Mumbai,2024-05-18,297,217.4,144.7,57,13.4,20.1,79.5
140,Delhi,2024-05-19,223,191.3,96.3,88,19.2,78.2,78.4
141,Bengaluru,2024-05-20,157,68.2,229.8,32,41.5,83.1,53.7
142,Bengaluru,2024-05-21,242,135.6,246.2,72,29.0,80.5,31.3
143,Chennai,2024-05-22,180,54.2,174.3,28,19.3,56.4,7.1
144,Delhi,2024-05-23,209,77.5,38.4,63,23.6,83.7,59.6
145,Hyderabad,2024-05-24,346,133.8,323.1,45,18.3,32.5,78.3
146,Delhi,2024-05-25,55,186.4,343.5,38,11.0,73.5,7.3
147,Delhi,2024-05-26,44,32.7,162.2,67,36.9,68.7,2.5
148,Delhi,2024-05-27,51,81.2,222.5,49,19.4,41.6,66.9
149,Kolkata,2024-05-28,94,232.4,168.6,51,36.8,94.6,10.0
150,Chennai,2024-05-29,280,113.0,126.2,94,25.3,14.3,8.4
151,Pune,2024-05-30,50,235.3,45.5,88,15.9,24.7,73.0
152,Mumbai,2024-05-31,262,247.9,170.5,30,35.7,59.2,8.2
153,Mumbai,2024-06-01,45,136.4,290.1,45,22.1,107.5,10.9
154,Ahmedabad,2024-06-02,301,79.1,25.6,45,32.6,71.1,46.4
155,Mumbai,2024-06-03,234,199.8,212.1,36,36.8,101.8,61.0
156,Ahmedabad,2024-06-04,327,48.2,310.7,63,40.8,64.5,33.2
157,Kolkata,2024-06-05,189,70.5,91.8,42,12.7,95.3,34.8
158,Chennai,2024-06-06,70,198.4,80.5,44,10.3,42.5,51.3
159,Hyderabad,2024-06-07,137,114.1,274.9,56,27.5,98.7,41.4
160,Chennai,2024-06-08,154,58.4,104.2,84,18.5,51.2,3.5
161,Ahmedabad,2024-06-09,181,166.3,83.4,21,25.0,69.3,10.9
162,Kolkata,2024-06-10,42,185.9,144.7,93,12.3,25.2,47.4
163,Hyderabad,2024-06-11,232,40.0,149.5,51,26.1,110.8,63.9
164,Delhi,2024-06-12,108,76.5,308.5,93,14.0,85.7,61.5
165,Bengaluru,2024-06-13,71,63.1,224.1,74,36.8,103.8,59.7
166,Delhi,2024-06-14,198,101.2,154.0,69,34.3,28.9,62.2
167,Mumbai,2024-06-15,278,193.2,196.3,84,12.4,12.8,5.5
168,Delhi,2024-06-16,150,181.3,334.8,51,36.8,43.8,71.8
169,Kolkata,2024-06-17,301,169.0,57.4,56,20.4,64.4,71.4
170,Mumbai,2024-06-18,329,11.5,88.5,32,21.3,97.3,43.5
171,Bengaluru,2024-06-19,238,44.1,337.6,73,15.8,50.7,21.4
172,Hyderabad,2024-06-20,187,63.6,335.9,22,36.7,36.0,48.2
173,Ahmedabad,2024-06-21,150,75.3,78.5,61,23.0,47.8,45.5
174,Ahmedabad,2024-06-22,256,45.1,67.9,59,11.6,85.9,19.4
175,Hyderabad,2024-06-23,53,108.5,159.0,93,40.9,43.7,49.0
176,Ahmedabad,2024-06-24,259,28.0,36.4,85,18.2,117.6,64.2
177,Mumbai,2024-06-25,55,190.0,236.1,79,40.0,25.1,64.9
178,Pune,2024-06-26,87,199.1,45.6,30,19.6,91.6,6.7
179,Pune,2024-06-27,294,147.8,39.1,20,36.6,72.8,17.4
180,Delhi,2024-06-28,155,31.5,180.1,45,31.3,31.8,54.1
181,Pune,2024-06-29,304,223.6,336.1,61,37.6,91.7,69.1
182,Ahmedabad,2024-06-30,57,241.8,160.8,81,41.2,56.5,42.7
183,Chennai,2024-07-01,330,58.6,137.6,80,37.9,83.5,57.2
184,Chennai,2024-07-02,157,179.1,349.3,81,22.9,81.2,3.6
185,Hyderabad,2024-07-03,123,212.1,195.5,93,36.1,17.7,49.5
186,Chennai,2024-07-04,220,139.6,143.8,31,32.8,101.6,77.0
187,Mumbai,2024-07-05,301,87.6,147.3,46,12.0,83.4,53.6
188,Chennai,2024-07-06,34,124.9,84.3,86,39.8,94.8,73.9
189,Kolkata,2024-07-07,186,132.9,189.0,47,24.9,56.5,46.1
190,Hyderabad,2024-07-08,81,106.2,164.8,85,14.3,27.4,67.8
191,Bengaluru,2024-07-09,272,233.2,109.4,47,23.6,42.5,11.7
192,Chennai,2024-07-10,180,188.5,73.0,40,29.3,108.7,11.6
193,Kolkata,2024-07-11,291,67.9,122.7,26,28.3,112.9,11.4
194,Kolkata,2024-07-12,334,150.5,187.9,33,28.4,60.4,40.1
195,Mumbai,2024-07-13,109,175.3,39.2,58,18.2,39.4,27.8
196,Hyderabad,2024-07-14,212,43.6,70.7,92,30.2,89.0,58.1
197,Mumbai,2024-07-15,136,96.0,332.7,81,39.0,93.1,72.4
198,Bengaluru,2024-07-16,183,227.3,199.1,31,22.4,98.8,50.3
199,Bengaluru,2024-07-17,322,146.1,40.9,57,30.2,8.6,18.6
200,Ahmedabad,2024-07-18,234,62.1,248.7,77,17.8,6.1,74.6
201,Delhi,2024-07-19,145,39.5,40.4,75,11.5,46.1,43.2
202,Bengaluru,2024-07-20,46,134.4,263.8,58,28.7,22.5,58.2
203,Hyderabad,2024-07-21,317,141.4,267.5,23,11.5,97.6,71.5
204,Pune,2024-07-22,185,90.3,234.9,67,33.2,66.3,79.2
205,Pune,2024-07-23,54,161.3,261.6,26,31.5,99.9,41.5
206,Hyderabad,2024-07-24,307,26.5,49.0,79,21.8,25.3,65.0
207,Ahmedabad,2024-07-25,346,44.8,259.8,59,23.2,77.1,46.2
208,Ahmedabad,2024-07-26,155,141.1,65.1,27,39.4,71.7,39.9
209,Mumbai,2024-07-27,329,24.8,132.0,77,10.4,44.1,43.9
210,Kolkata,2024-07-28,305,221.4,331.1,76,28.0,64.5,39.8
211,Delhi,2024-07-29,207,44.1,185.9,54,39.5,72.7,34.8
212,Pune,2024-07-30,76,171.7,339.3,92,39.2,107.3,58.5
213,Ahmedabad,2024-07-31,229,103.9,49.3,32,28.7,11.4,21.5
214,Pune,2024-08-01,80,105.9,177.6,58,22.2,99.7,50.1
215,Bengaluru,2024-08-02,324,193.6,40.6,40,13.2,117.7,57.6
216,Kolkata,2024-08-03,299,129.9,228.0,66,15.6,89.2,71.6
217,Mumbai,2024-08-04,226,184.2,46.0,21,31.7,89.8,27.9
218,Ahmedabad,2024-08-05,50,131.2,77.9,63,10.5,30.1,69.1
219,Chennai,2024-08-06,172,152.3,105.4,49,38.3,65.2,75.7
220,Delhi,2024-08-07,277,192.6,267.1,74,28.8,86.2,52.6
221,Hyderabad,2024-08-08,30,155.8,74.1,59,11.4,74.3,62.2
222,Kolkata,2024-08-09,303,157.7,299.4,43,17.7,49.3,33.6
223,Mumbai,2024-08-10,270,199.4,63.5,61,29.0,113.1,76.3
224,Mumbai,2024-08-11,87,237.8,31.6,47,11.1,64.1,54.3
225,Delhi,2024-08-12,155,100.4,150.4,70,35.0,116.5,26.2
226,Delhi,2024-08-13,81,148.5,343.2,41,39.4,69.8,33.5
227,Ahmedabad,2024-08-14,252,30.7,56.4,93,40.8,96.2,50.2
228,Bengaluru,2024-08-15,331,96.1,53.6,93,33.5,90.3,20.3
229,Bengaluru,2024-08-16,298,108.9,267.9,27,37.4,81.0,60.8
230,Hyderabad,2024-08-17,125,210.5,123.0,33,29.5,6.7,19.5
231,Hyderabad,2024-08-18,302,133.2,256.7,64,24.7,13.9,48.2
232,Ahmedabad,2024-08-19,90,185.5,86.0,57,32.8,71.9,56.4
233,Delhi,2024-08-20,210,14.6,171.8,51,17.2,109.9,69.1
234,Delhi,2024-08-21,162,121.5,107.5,81,13.5,74.1,59.2
235,Kolkata,2024-08-22,118,226.3,169.0,86,34.4,32.1,64.3
236,Bengaluru,2024-08-23,202,63.8,273.8,80,40.7,41.8,73.2
237,Mumbai,2024-08-24,341,17.6,271.5,32,28.5,76.7,48.6
238,Pune,2024-08-25,34,114.0,190.2,66,25.4,73.7,68.0
239,Pune,2024-08-26,233,179.1,326.4,73,27.1,114.9,20.1
240,Pune,2024-08-27,191,119.1,107.0,90,25.3,65.8,65.5
241,Ahmedabad,2024-08-28,90,120.4,99.3,71,24.2,45.8,19.3
242,Bengaluru,2024-08-29,219,170.8,222.6,91,40.3,65.4,74.9
243,Bengaluru,2024-08-30,92,71.1,225.0,44,25.4,95.4,27.7
244,Delhi,2024-08-31,73,190.5,35.4,42,12.6,67.1,15.4
245,Pune,2024-09-01,268,46.7,220.6,93,34.5,42.5,13.6
246,Delhi,2024-09-02,57,105.0,143.6,49,22.5,43.9,16.6
247,Bengaluru,2024-09-03,227,167.4,266.7,30,32.7,92.0,36.9
248,Chennai,2024-09-04,298,208.8,286.7,54,28.5,12.6,42.7
249,Chennai,2024-09-05,200,200.0,202.2,46,32.8,36.6,73.3
250,Hyderabad,2024-09-06,59,183.2,20.6,86,12.0,22.6,31.7
251,Bengaluru,2024-09-07,183,96.2,230.0,66,11.1,113.6,19.0
252,Pune,2024-09-08,238,39.4,267.1,69,22.1,15.4,60.0
253,Ahmedabad,2024-09-09,92,62.0,102.2,27,32.2,92.2,12.5
254,Chennai,2024-09-10,86,217.6,173.3,74,17.2,77.5,71.6
255,Ahmedabad,2024-09-11,349,215.8,338.7,61,23.9,77.8,33.9
256,Ahmedabad,2024-09-12,237,238.4,118.4,86,41.4,92.8,49.9
257,Hyderabad,2024-09-13,337,28.2,93.6,39,16.9,51.1,16.5
258,Hyderabad,2024-09-14,92,138.8,89.6,64,37.1,51.1,13.4
259,Bengaluru,2024-09-15,277,165.7,204.4,54,36.4,38.2,64.3
260,Hyderabad,2024-09-16,170,180.6,333.4,39,38.5,73.7,35.5
261,Delhi,2024-09-17,122,164.5,220.9,43,39.3,111.9,79.0
262,Delhi,2024-09-18,136,194.8,120.1,76,26.2,111.3,42.9
263,Delhi,2024-09-19,117,96.3,230.7,74,31.8,85.8,68.0
264,Mumbai,2024-09-20,330,53.1,226.2,28,29.8,109.2,78.4
265,Ahmedabad,2024-09-21,137,59.1,217.0,35,19.9,115.8,23.9
266,Delhi,2024-09-22,75,12.9,72.6,74,19.0,96.4,64.5
267,Pune,2024-09-23,106,94.1,229.4,91,20.9,51.9,3.7
268,Delhi,2024-09-24,246,32.0,162.0,77,17.0,60.6,55.0
269,Bengaluru,2024-09-25,198,87.2,26.1,83,34.2,112.1,60.1
270,Chennai,2024-09-26,331,160.8,198.1,68,40.9,82.1,39.2
271,Pune,2024-09-27,158,224.7,346.5,48,37.8,99.4,14.6
272,Chennai,2024-09-28,230,211.5,135.4,26,17.0,18.4,50.1
273,Delhi,2024-09-29,225,70.6,338.6,88,11.7,27.3,72.0
274,Ahmedabad,2024-09-30,297,42.2,51.7,21,34.2,44.6,74.6
275,Delhi,2024-10-01,117,56.3,261.7,52,22.5,26.6,60.2
276,Delhi,2024-10-02,282,243.0,57.7,67,36.4,109.2,22.6
277,Hyderabad,2024-10-03,267,141.9,110.3,56,34.9,29.9,69.9
278,Bengaluru,2024-10-04,102,53.8,208.4,49,30.0,69.1,71.3
279,Bengaluru,2024-10-05,190,211.8,215.6,60,18.2,14.8,30.6
280,Ahmedabad,2024-10-06,87,104.8,275.8,23,13.3,22.8,16.3
281,Bengaluru,2024-10-07,320,225.8,223.1,58,18.1,33.5,70.2
282,Chennai,2024-10-08,95,72.6,215.9,43,26.3,118.0,71.0
283,Pune,2024-10-09,55,104.4,321.1,69,41.3,96.7,9.9
284,Pune,2024-10-10,327,131.2,169.2,56,12.0,82.5,77.4
285,Mumbai,2024-10-11,106,224.2,94.3,72,16.4,110.4,43.6
286,Chennai,2024-10-12,315,218.5,73.4,44,30.1,115.0,79.5
287,Bengaluru,2024-10-13,65,147.8,152.0,50,19.7,57.2,36.7
288,Ahmedabad,2024-10-14,48,63.2,255.2,57,37.5,42.7,43.6
289,Kolkata,2024-10-15,307,106.8,34.0,77,14.5,41.3,22.8
290,Mumbai,2024-10-16,342,244.2,62.6,72,40.8,9.1,72.1
291,Delhi,2024-10-17,296,155.9,55.0,69,39.2,37.2,36.6
292,Hyderabad,2024-10-18,311,197.5,213.1,23,38.4,45.8,65.5
293,Chennai,2024-10-19,48,118.0,100.1,71,15.5,9.2,8.2
294,Hyderabad,2024-10-20,169,137.7,74.9,50,20.5,106.5,63.5
295,Mumbai,2024-10-21,96,112.9,215.6,33,35.7,102.5,40.2
296,Ahmedabad,2024-10-22,341,178.7,271.2,20,35.8,33.9,2.4
297,Pune,2024-10-23,47,214.4,129.6,62,32.6,97.3,19.6
298,Ahmedabad,2024-10-24,290,131.8,210.8,78,24.3,96.6,17.1
299,Kolkata,2024-10-25,141,125.4,52.4,80,20.0,43.5,60.6
300,Mumbai,2024-10-26,144,91.7,328.6,60,40.8,85.2,39.2
301,Chennai,2024-10-27,195,52.5,131.2,37,14.5,38.3,14.5
302,Bengaluru,2024-10-28,96,235.4,349.2,79,11.4,13.1,22.0
303,Delhi,2024-10-29,284,85.9,342.9,88,10.3,63.1,41.3
304,Bengaluru,2024-10-30,99,202.2,277.0,78,34.8,55.4,3.5
305,Bengaluru,2024-10-31,337,181.7,26.6,61,11.8,20.9,35.1
306,Ahmedabad,2024-11-01,232,199.8,199.3,55,27.2,61.4,54.9
307,Chennai,2024-11-02,156,234.8,48.7,59,21.8,114.2,42.4
308,Bengaluru,2024-11-03,109,159.6,315.4,49,14.7,89.1,48.7
309,Ahmedabad,2024-11-04,205,225.5,280.6,30,33.7,90.0,27.5
310,Bengaluru,2024-11-05,142,50.2,340.9,44,11.8,92.1,16.3
311,Chennai,2024-11-06,140,160.4,220.8,64,20.2,90.6,65.2
312,Ahmedabad,2024-11-07,338,195.3,192.3,70,28.0,7.3,72.6
313,Chennai,2024-11-08,166,75.2,191.3,62,22.9,111.3,41.8
314,Kolkata,2024-11-09,162,187.8,147.5,85,18.3,100.5,25.8
315,Bengaluru,2024-11-10,218,196.8,174.7,66,39.6,36.6,41.9
316,Mumbai,2024-11-11,306,209.5,229.7,43,39.8,68.6,70.6
317,Pune,2024-11-12,254,85.1,327.9,56,23.3,75.7,55.9
318,Delhi,2024-11-13,132,173.6,216.6,75,22.6,20.2,69.0
319,Hyderabad,2024-11-14,136,83.0,302.8,94,19.8,34.2,27.6
320,Delhi,2024-11-15,92,187.4,304.7,65,37.4,7.7,57.5
321,Chennai,2024-11-16,274,121.1,191.2,47,28.2,104.4,52.9
322,Ahmedabad,2024-11-17,202,153.4,134.7,71,12.9,7.9,46.6
323,Hyderabad,2024-11-18,239,109.8,231.1,34,37.3,41.7,43.2
324,Chennai,2024-11-19,220,48.9,167.1,64,27.1,14.0,45.0
325,Pune,2024-11-20,187,52.7,46.9,77,23.3,94.9,68.3
326,Ahmedabad,2024-11-21,348,28.6,144.7,86,20.8,111.4,73.4
327,Pune,2024-11-22,254,158.3,348.0,92,13.2,69.7,10.8
328,Kolkata,2024-11-23,201,213.7,36.0,91,40.6,21.1,46.4
329,Bengaluru,2024-11-24,65,15.0,249.9,92,33.7,69.2,73.6
330,Chennai,2024-11-25,163,25.9,297.6,60,14.2,93.6,12.5
331,Pune,2024-11-26,66,119.8,234.1,84,26.4,87.6,34.2
332,Chennai,2024-11-27,122,187.1,208.0,59,27.8,90.3,8.9
333,Delhi,2024-11-28,104,47.8,253.5,24,15.4,37.1,10.9
334,Bengaluru,2024-11-29,273,75.2,161.7,94,23.7,13.5,72.5
335,Kolkata,2024-11-30,212,65.7,50.1,47,30.7,22.1,36.8
336,Pune,2024-12-01,234,105.8,337.6,57,19.1,114.9,55.7
337,Ahmedabad,2024-12-02,216,64.0,162.7,37,20.6,75.6,12.8
338,Chennai,2024-12-03,195,94.6,239.6,56,13.9,88.7,3.7
339,Chennai,2024-12-04,144,184.9,195.3,46,23.2,108.4,71.5
340,Ahmedabad,2024-12-05,236,156.6,38.0,44,28.7,103.1,46.8
341,Chennai,2024-12-06,274,29.5,334.4,88,13.7,30.1,3.6
342,Delhi,2024-12-07,190,163.1,281.5,46,29.7,11.7,79.4
343,Pune,2024-12-08,42,124.5,69.2,73,22.7,111.4,40.4
344,Chennai,2024-12-09,323,234.3,343.9,26,31.7,117.9,39.1
345,Chennai,2024-12-10,265,79.4,263.2,46,20.1,70.2,50.4
346,Delhi,2024-12-11,302,184.3,175.9,78,28.2,107.2,2.6
347,Chennai,2024-12-12,143,185.4,221.8,91,29.6,31.7,46.4
348,Ahmedabad,2024-12-13,181,63.2,55.2,50,32.1,17.8,51.1
349,Bengaluru,2024-12-14,55,226.8,204.9,87,34.2,62.5,25.2
350,Bengaluru,2024-12-15,197,127.9,44.3,23,14.4,98.3,58.7
351,Delhi,2024-12-16,61,172.9,199.8,37,40.9,80.3,31.4
352,Bengaluru,2024-12-17,250,45.0,202.4,82,37.0,78.3,58.0
353,Hyderabad,2024-12-18,235,71.9,308.6,71,28.0,7.0,13.2
354,Hyderabad,2024-12-19,127,150.7,259.3,82,38.5,41.5,73.3
355,Hyderabad,2024-12-20,120,86.6,102.4,64,22.2,113.0,70.6
356,Kolkata,2024-12-21,243,129.9,313.2,31,11.1,20.4,13.7
357,Chennai,2024-12-22,217,99.8,209.2,27,33.3,88.5,75.2
358,Kolkata,2024-12-23,86,163.7,220.1,41,40.2,92.3,45.5
359,Bengaluru,2024-12-24,136,126.9,75.8,60,15.2,89.3,56.7
360,Delhi,2024-12-25,224,11.1,303.1,60,30.6,118.8,67.5
361,Hyderabad,2024-12-26,51,165.9,327.2,76,36.0,52.1,8.5
362,Delhi,2024-12-27,215,111.3,275.7,51,39.0,83.5,15.2
363,Kolkata,2024-12-28,114,92.0,330.4,74,18.8,27.3,24.7
364,Ahmedabad,2024-12-29,109,32.6,119.8,25,14.1,51.0,39.2
365,Bengaluru,2024-12-30,106,62.9,304.2,58,17.9,61.5,29.0
366,Pune,2024-12-31,206,63.7,181.3,28,28.5,29.7,41.5
367,Chennai,2025-01-01,203,234.5,74.1,51,39.4,109.3,16.5
368,Pune,2025-01-02,111,113.8,240.7,55,28.6,87.4,55.2
369,Bengaluru,2025-01-03,50,20.1,245.8,35,39.4,37.6,6.3
370,Hyderabad,2025-01-04,208,43.3,114.7,31,34.6,20.5,30.2
371,Ahmedabad,2025-01-05,254,29.0,29.1,60,29.1,38.1,16.0
372,Bengaluru,2025-01-06,294,151.3,85.9,86,10.7,76.6,58.9
373,Delhi,2025-01-07,298,54.8,151.9,77,20.7,100.0,70.9
374,Mumbai,2025-01-08,280,129.7,75.3,28,11.8,62.9,8.1
375,Ahmedabad,2025-01-09,302,98.8,84.0,36,20.3,16.8,63.2
376,Hyderabad,2025-01-10,301,202.9,149.2,24,12.0,33.7,71.9
377,Pune,2025-01-11,309,86.9,337.4,45,15.4,44.7,78.0
378,Chennai,2025-01-12,252,120.0,272.2,20,23.1,78.2,47.2
379,Hyderabad,2025-01-13,104,183.1,125.5,20,26.5,33.4,27.5
380,Hyderabad,2025-01-14,180,114.0,334.0,54,16.9,31.9,27.1
381,Chennai,2025-01-15,134,200.4,233.1,28,33.4,37.9,31.6
382,Pune,2025-01-16,71,168.8,170.3,57,28.9,73.1,49.8
383,Hyderabad,2025-01-17,205,108.5,174.5,23,32.1,61.7,40.2
384,Delhi,2025-01-18,274,131.0,155.5,71,33.4,101.8,53.0
385,Bengaluru,2025-01-19,282,242.1,96.9,38,33.3,85.3,5.1
386,Delhi,2025-01-20,303,168.8,147.6,24,40.0,81.7,10.3
387,Bengaluru,2025-01-21,121,227.2,194.2,67,17.6,22.8,78.2
388,Mumbai,2025-01-22,40,52.9,194.2,82,18.6,11.4,79.6
389,Hyderabad,2025-01-23,181,126.0,271.4,57,13.0,63.6,60.2
390,Mumbai,2025-01-24,218,228.1,138.4,71,29.0,13.2,22.0
391,Kolkata,2025-01-25,193,87.4,256.5,65,22.6,46.9,76.4
392,Pune,2025-01-26,155,242.2,210.8,28,25.9,8.0,18.7
393,Bengaluru,2025-01-27,240,33.3,337.4,69,15.4,25.3,59.1
394,Delhi,2025-01-28,126,226.6,147.1,93,30.8,17.7,11.0
395,Ahmedabad,2025-01-29,338,116.9,317.4,85,29.8,97.1,52.6
396,Delhi,2025-01-30,76,27.7,290.8,57,18.5,44.8,61.2
397,Hyderabad,2025-01-31,337,221.1,230.4,46,24.9,14.1,69.1
398,Delhi,2025-02-01,253,70.5,236.0,39,38.6,35.5,59.3
399,Kolkata,2025-02-02,86,15.3,47.9,81,34.8,83.5,74.0
400,Chennai,2025-02-03,104,42.6,333.6,93,17.3,90.7,42.6
401,Delhi,2025-02-04,283,168.2,55.3,35,38.1,18.8,54.8
402,Hyderabad,2025-02-05,180,244.7,205.9,32,12.2,94.5,30.8
403,Mumbai,2025-02-06,88,36.8,128.9,39,23.2,47.6,2.8
404,Pune,2025-02-07,115,120.9,161.9,43,12.6,83.1,61.0
405,Delhi,2025-02-08,199,53.4,221.4,69,39.6,82.2,69.8
406,Delhi,2025-02-09,175,188.8,319.9,26,11.3,96.3,15.6
407,Delhi,2025-02-10,62,38.3,171.0,48,14.8,85.2,4.2
408,Hyderabad,2025-02-11,32,67.6,346.0,24,39.3,9.5,14.8
409,Pune,2025-02-12,313,57.1,215.6,54,28.6,64.7,71.8
410,Chennai,2025-02-13,286,142.6,73.0,84,35.4,24.1,25.0
411,Delhi,2025-02-14,155,219.6,82.7,89,10.5,116.5,20.2
412,Chennai,2025-02-15,142,132.7,256.3,93,23.4,34.4,3.1
413,Chennai,2025-02-16,332,24.0,36.6,26,41.5,53.3,25.2
414,Pune,2025-02-17,322,145.2,178.5,63,28.6,27.6,57.8
415,Pune,2025-02-18,77,201.4,68.9,91,37.2,20.5,76.8
416,Kolkata,2025-02-19,304,41.7,163.0,32,40.8,74.1,26.4
417,Mumbai,2025-02-20,224,27.5,267.5,94,31.9,61.7,20.8
418,Delhi,2025-02-21,254,55.1,171.4,57,20.5,48.1,71.3
419,Delhi,2025-02-22,242,189.1,73.9,32,19.9,14.8,68.5
420,Delhi,2025-02-23,311,152.0,103.1,73,12.3,89.6,27.6
421,Chennai,2025-02-24,167,139.7,141.3,63,23.7,5.7,7.4
422,Ahmedabad,2025-02-25,99,69.9,43.0,32,39.3,57.6,79.4
423,Pune,2025-02-26,328,89.7,212.8,44,25.3,77.7,55.1
424,Bengaluru,2025-02-27,99,241.8,220.5,43,39.2,54.5,74.3
425,Ahmedabad,2025-02-28,237,67.8,40.5,48,36.1,19.5,28.7
426,Mumbai,2025-03-01,229,226.4,152.8,89,41.5,94.5,52.5
427,Hyderabad,2025-03-02,88,149.3,156.6,37,40.3,42.3,54.6
428,Delhi,2025-03-03,288,39.6,130.2,24,32.6,20.5,70.1
429,Bengaluru,2025-03-04,194,122.2,204.1,37,37.9,68.3,79.5
430,Bengaluru,2025-03-05,274,237.7,134.2,82,33.9,7.2,10.5
431,Pune,2025-03-06,113,110.5,157.4,56,32.5,42.3,51.2
432,Bengaluru,2025-03-07,338,217.2,283.2,90,32.9,91.3,28.2
433,Mumbai,2025-03-08,143,71.5,73.5,74,33.1,110.0,65.3
434,Bengaluru,2025-03-09,263,147.0,224.3,92,22.1,73.0,60.8
435,Hyderabad,2025-03-10,291,212.5,186.8,31,23.6,30.0,71.6
436,Delhi,2025-03-11,201,231.0,120.7,71,19.4,30.3,28.8
437,Hyderabad,2025-03-12,47,126.6,260.1,76,14.7,74.4,16.4
438,Delhi,2025-03-13,264,163.5,201.9,65,24.7,51.8,3.7
439,Kolkata,2025-03-14,339,10.7,177.5,63,38.8,25.4,21.9
440,Chennai,2025-03-15,186,70.8,240.3,43,30.8,95.6,30.6
441,Bengaluru,2025-03-16,240,76.9,284.8,28,11.8,28.0,75.8
442,Hyderabad,2025-03-17,310,32.4,341.0,31,36.0,42.0,40.3
443,Chennai,2025-03-18,348,77.1,227.7,28,39.9,12.1,45.4
444,Chennai,2025-03-19,225,87.1,308.6,41,36.5,85.7,70.7
445,Chennai,2025-03-20,144,242.5,20.4,36,33.3,36.7,71.0
446,Chennai,2025-03-21,189,170.5,195.0,52,14.8,31.8,43.2
447,Chennai,2025-03-22,184,112.2,90.8,66,21.2,39.9,10.9
448,Delhi,2025-03-23,80,247.1,51.1,34,28.1,105.5,23.1
449,Mumbai,2025-03-24,313,46.8,195.6,52,12.5,64.6,37.6
450,Bengaluru,2025-03-25,102,124.3,266.5,34,13.4,23.2,60.6
451,Bengaluru,2025-03-26,139,165.3,156.0,46,39.9,94.1,57.5
452,Delhi,2025-03-27,315,23.3,241.1,80,32.5,29.0,52.1
453,Hyderabad,2025-03-28,250,182.1,181.6,87,18.8,52.4,70.7
454,Delhi,2025-03-29,38,34.0,164.2,67,20.5,70.3,64.6
455,Pune,2025-03-30,111,43.7,115.8,27,22.3,72.2,78.6
456,Ahmedabad,2025-03-31,349,48.3,146.3,25,12.4,12.9,71.4
457,Chennai,2025-04-01,323,232.9,135.4,82,33.7,101.2,17.3
458,Mumbai,2025-04-02,51,174.0,233.2,21,15.7,60.1,6.5
459,Bengaluru,2025-04-03,128,167.3,58.3,41,35.8,118.8,34.3
460,Hyderabad,2025-04-04,199,143.3,50.6,40,37.1,87.5,50.2
461,Kolkata,2025-04-05,219,80.3,237.8,25,30.4,119.1,52.2
462,Delhi,2025-04-06,135,159.0,200.3,89,34.6,57.1,22.9
463,Kolkata,2025-04-07,349,108.4,162.0,32,15.5,21.2,69.1
464,Bengaluru,2025-04-08,294,44.9,70.3,20,28.4,88.6,27.7
465,Delhi,2025-04-09,197,175.5,155.6,41,31.7,94.4,73.7
466,Bengaluru,2025-04-10,142,41.1,280.6,43,31.2,103.1,38.8
467,Delhi,2025-04-11,335,55.8,313.6,83,13.8,39.7,2.8
468,Hyderabad,2025-04-12,177,206.2,251.9,60,21.0,63.7,14.6
469,Bengaluru,2025-04-13,249,168.4,39.8,41,20.4,103.6,10.0
470,Pune,2025-04-14,62,161.4,241.2,80,28.3,104.4,5.4
471,Kolkata,2025-04-15,249,110.4,99.5,31,34.5,8.0,57.7
472,Mumbai,2025-04-16,348,105.1,124.0,23,28.3,82.2,17.0
473,Hyderabad,2025-04-17,214,175.7,84.6,31,34.2,74.2,67.4
474,Pune,2025-04-18,222,187.6,276.0,52,13.2,14.6,22.6
475,Hyderabad,2025-04-19,209,132.5,234.0,40,38.1,112.0,4.5
476,Delhi,2025-04-20,35,242.6,221.9,92,27.2,56.2,66.0
477,Kolkata,2025-04-21,38,239.4,240.4,91,11.2,82.5,38.4
478,Bengaluru,2025-04-22,90,109.0,98.1,93,30.6,106.5,48.8
479,Kolkata,2025-04-23,192,206.9,166.7,93,26.6,20.0,28.2
480,Hyderabad,2025-04-24,128,140.4,229.0,91,17.1,103.4,5.6
481,Delhi,2025-04-25,177,132.8,230.1,71,34.5,88.3,30.9
482,Ahmedabad,2025-04-26,87,23.2,281.3,66,39.9,101.6,42.4
483,Kolkata,2025-04-27,244,147.8,114.7,78,20.3,61.9,2.9
484,Pune,2025-04-28,345,226.1,274.2,66,25.8,8.9,46.8
485,Bengaluru,2025-04-29,211,197.2,165.3,75,14.1,82.1,71.7
486,Chennai,2025-04-30,64,198.7,241.2,32,39.8,48.1,19.0
487,Hyderabad,2025-05-01,332,48.4,170.4,63,20.2,51.3,74.3
488,Mumbai,2025-05-02,75,96.0,333.0,54,16.2,55.7,9.6
489,Mumbai,2025-05-03,116,66.0,79.2,48,25.3,61.7,66.4
490,Hyderabad,2025-05-04,33,85.8,242.8,75,11.4,81.1,67.5
491,Ahmedabad,2025-05-05,295,149.1,210.3,24,18.1,88.6,22.1
492,Chennai,2025-05-06,136,97.5,77.0,86,12.2,94.3,76.7
493,Delhi,2025-05-07,104,144.6,41.8,72,14.1,82.2,34.5
494,Kolkata,2025-05-08,69,115.2,283.7,79,13.6,97.4,13.0
495,Kolkata,2025-05-09,156,78.8,72.0,25,37.9,19.0,48.2
496,Chennai,2025-05-10,212,32.9,81.5,67,39.8,101.2,79.7
497,Pune,2025-05-11,148,224.0,342.9,54,25.2,49.5,72.1
498,Chennai,2025-05-12,102,12.7,256.7,37,30.2,65.8,23.7
499,Bengaluru,2025-05-13,69,10.4,102.7,30,32.3,54.9,47.0
500,Bengaluru,2025-05-14,233,208.4,215.0,70,22.5,59.7,11.0
501,Mumbai,2025-05-15,125,249.2,196.3,42,21.8,37.8,38.0
502,Delhi,2025-05-16,308,184.5,298.7,66,31.6,24.5,42.8
503,Ahmedabad,2025-05-17,172,13.7,260.7,94,22.1,17.1,26.6
504,Delhi,2025-05-18,144,64.4,294.5,78,28.6,56.9,39.8
505,Pune,2025-05-19,162,243.2,89.8,76,26.5,19.4,73.8
506,Chennai,2025-05-20,197,204.1,231.3,75,26.8,33.2,41.0
507,Mumbai,2025-05-21,274,146.0,33.3,46,36.5,20.4,66.8
508,Mumbai,2025-05-22,306,66.8,42.8,92,32.5,17.5,26.8
509,Bengaluru,2025-05-23,288,13.4,255.5,54,40.7,106.5,77.8
510,Kolkata,2025-05-24,75,15.0,28.1,74,35.3,82.5,9.3
511,Pune,2025-05-25,266,156.9,211.3,28,14.7,111.2,47.7
512,Delhi,2025-05-26,82,15.2,297.3,37,33.6,79.1,63.6
513,Pune,2025-05-27,177,248.5,145.4,63,31.3,102.1,65.5
514,Mumbai,2025-05-28,216,54.0,34.8,40,30.7,68.9,17.5
515,Bengaluru,2025-05-29,50,180.6,255.6,75,25.4,58.2,33.3
516,Bengaluru,2025-05-30,119,47.2,326.8,67,12.0,65.8,50.7
517,Bengaluru,2025-05-31,262,139.6,256.7,20,40.4,41.8,26.6
518,Pune,2025-06-01,244,29.3,210.9,46,37.3,80.7,53.3
519,Kolkata,2025-06-02,80,194.0,95.9,64,25.6,108.2,31.5
520,Mumbai,2025-06-03,182,150.4,25.1,82,15.1,95.0,29.4
521,Chennai,2025-06-04,145,30.7,249.2,77,36.4,58.1,10.4
522,Chennai,2025-06-05,243,213.7,96.2,59,23.8,114.7,5.1
523,Bengaluru,2025-06-06,166,141.3,303.2,82,22.5,118.3,67.2
524,Bengaluru,2025-06-07,314,231.2,173.9,57,31.3,61.7,40.2
525,Kolkata,2025-06-08,100,230.0,195.1,48,34.3,104.4,45.9
526,Bengaluru,2025-06-09,274,230.9,268.8,59,12.0,5.5,31.0
527,Hyderabad,2025-06-10,67,28.7,277.2,38,34.6,12.7,12.7
528,Mumbai,2025-06-11,245,39.0,232.1,75,33.5,7.6,37.1
529,Ahmedabad,2025-06-12,156,247.0,329.7,63,28.9,93.9,19.9
530,Ahmedabad,2025-06-13,101,127.0,344.2,84,20.8,14.2,67.3
531,Bengaluru,2025-06-14,255,67.2,332.5,32,15.3,7.0,79.0
532,Ahmedabad,2025-06-15,344,194.7,292.0,49,13.3,22.0,71.3
533,Bengaluru,2025-06-16,313,73.4,252.9,68,10.0,40.2,43.2
534,Mumbai,2025-06-17,331,184.5,238.9,94,16.6,58.4,51.0
535,Delhi,2025-06-18,275,210.9,54.2,82,23.2,12.5,76.0
536,Hyderabad,2025-06-19,100,198.2,109.6,90,17.8,62.4,44.0
537,Hyderabad,2025-06-20,224,75.8,21.9,54,19.9,33.5,51.8
538,Ahmedabad,2025-06-21,67,106.4,65.3,30,22.5,36.6,51.1
539,Chennai,2025-06-22,146,109.2,164.9,68,19.9,99.5,57.2
540,Bengaluru,2025-06-23,267,127.9,68.4,59,33.2,118.5,51.9
541,Mumbai,2025-06-24,233,50.2,317.5,40,25.7,58.3,54.3
542,Chennai,2025-06-25,348,118.6,285.9,66,10.6,42.0,58.6
543,Pune,2025-06-26,34,132.6,43.6,22,17.3,112.1,65.1
544,Ahmedabad,2025-06-27,186,137.6,102.1,49,32.7,62.6,33.4
545,Pune,2025-06-28,136,206.8,290.3,86,19.6,89.0,60.2
546,Kolkata,2025-06-29,257,134.2,285.0,81,39.4,52.6,9.8
547,Pune,2025-06-30,171,65.4,332.0,56,32.8,28.3,70.3
548,Pune,2025-07-01,343,169.2,349.2,41,19.3,80.3,24.6
549,Delhi,2025-07-02,201,201.4,342.2,50,26.5,81.5,33.5
550,Bengaluru,2025-07-03,175,86.6,155.3,65,31.4,57.9,64.7
551,Delhi,2025-07-04,36,164.9,102.6,64,16.2,36.0,51.7
552,Bengaluru,2025-07-05,330,45.3,270.3,33,17.9,100.7,26.1
553,Bengaluru,2025-07-06,45,92.1,118.8,31,26.2,36.7,19.6
554,Bengaluru,2025-07-07,349,228.2,286.1,82,39.6,80.8,76.7
555,Delhi,2025-07-08,66,228.7,196.2,57,21.0,49.2,8.8
556,Hyderabad,2025-07-09,182,148.1,282.0,66,22.9,59.3,2.3
557,Kolkata,2025-07-10,294,178.6,111.0,73,16.1,29.3,54.5
558,Hyderabad,2025-07-11,212,215.0,187.6,74,29.0,79.7,49.9
559,Mumbai,2025-07-12,185,240.1,206.1,67,33.7,31.0,59.5
560,Mumbai,2025-07-13,166,127.6,331.2,92,24.1,60.9,59.1
561,Pune,2025-07-14,119,144.8,108.0,91,34.0,42.8,69.3
562,Hyderabad,2025-07-15,247,109.8,329.1,34,19.7,115.8,73.9
563,Kolkata,2025-07-16,215,27.3,285.6,90,32.6,118.0,62.5
564,Pune,2025-07-17,238,111.5,261.2,35,18.3,91.7,20.1
565,Kolkata,2025-07-18,80,199.8,279.7,62,35.0,118.2,38.2
566,Bengaluru,2025-07-19,317,203.2,219.8,26,36.6,18.1,52.1
567,Bengaluru,2025-07-20,117,224.2,100.5,62,35.5,119.1,44.1
568,Mumbai,2025-07-21,165,22.4,82.5,47,16.9,16.9,14.4
569,Bengaluru,2025-07-22,187,136.5,305.9,85,32.2,52.8,48.0
570,Pune,2025-07-23,311,35.8,259.3,79,27.2,32.5,71.1
571,Bengaluru,2025-07-24,184,58.2,90.4,22,41.6,114.7,34.6
572,Kolkata,2025-07-25,249,226.1,223.0,20,21.6,78.1,54.2
573,Delhi,2025-07-26,196,129.2,167.7,50,34.7,73.7,50.0
574,Ahmedabad,2025-07-27,208,192.1,72.4,75,21.8,119.7,31.4
575,Hyderabad,2025-07-28,79,25.5,195.5,65,22.7,75.4,46.1
576,Chennai,2025-07-29,330,110.0,112.9,51,13.6,79.3,18.4
577,Chennai,2025-07-30,116,171.8,51.8,37,17.7,10.1,44.6
578,Bengaluru,2025-07-31,62,42.0,174.1,87,15.3,103.8,64.3
579,Bengaluru,2025-08-01,304,88.2,214.7,54,15.1,116.6,61.2
580,Hyderabad,2025-08-02,170,25.5,35.5,42,10.3,115.4,29.9
581,Chennai,2025-08-03,235,166.3,152.7,32,35.4,30.4,10.7
582,Kolkata,2025-08-04,253,243.0,105.0,33,25.0,31.0,64.4
583,Ahmedabad,2025-08-05,142,208.5,30.1,56,35.7,47.1,22.7
584,Chennai,2025-08-06,307,243.9,61.5,24,29.6,40.7,6.1
585,Chennai,2025-08-07,34,212.9,65.9,41,36.6,40.1,36.7
586,Pune,2025-08-08,241,215.2,80.3,47,26.1,74.6,59.7
587,Chennai,2025-08-09,285,148.5,285.1,23,13.0,97.6,65.1
588,Bengaluru,2025-08-10,59,134.4,165.0,69,29.7,112.7,78.6
589,Pune,2025-08-11,111,107.5,68.5,48,31.7,12.8,16.8
590,Bengaluru,2025-08-12,265,206.3,53.1,56,30.0,37.0,24.9
591,Hyderabad,2025-08-13,282,53.7,118.3,54,35.6,34.3,49.5
592,Chennai,2025-08-14,147,23.5,283.3,39,33.4,46.1,65.3
593,Ahmedabad,2025-08-15,59,237.5,140.3,54,23.8,53.8,20.3
594,Bengaluru,2025-08-16,140,10.9,72.8,21,36.2,49.8,34.0
595,Hyderabad,2025-08-17,283,244.4,153.4,77,32.1,114.5,33.9
596,Chennai,2025-08-18,228,184.9,203.3,37,13.9,55.3,62.3
597,Ahmedabad,2025-08-19,324,88.8,29.8,75,27.3,68.4,20.8
598,Kolkata,2025-08-20,326,177.5,227.1,83,33.3,91.1,77.6
599,Bengaluru,2025-08-21,316,206.3,150.4,71,27.7,88.4,41.8
600,Ahmedabad,2025-08-22,273,68.9,23.2,41,40.4,72.0,24.0
601,Ahmedabad,2025-08-23,250,195.0,242.4,79,13.2,104.0,24.2
602,Ahmedabad,2025-08-24,185,203.0,255.1,29,33.1,76.8,3.4
603,Delhi,2025-08-25,265,69.8,227.5,25,36.4,105.6,56.0
604,Ahmedabad,2025-08-26,349,20.1,132.8,25,32.5,39.8,62.5
605,Hyderabad,2025-08-27,48,59.0,194.8,47,22.3,20.2,4.5
606,Bengaluru,2025-08-28,244,58.2,147.8,61,22.3,99.2,47.7
607,Kolkata,2025-08-29,143,25.7,251.2,93,28.8,49.0,63.0
608,Kolkata,2025-08-30,229,184.2,212.6,60,22.7,79.9,31.3
609,Bengaluru,2025-08-31,54,101.2,47.0,82,38.3,89.8,35.8
610,Ahmedabad,2025-09-01,150,222.3,232.2,41,13.5,42.6,30.2
611,Mumbai,2025-09-02,259,70.5,246.8,48,30.5,63.1,26.6
612,Hyderabad,2025-09-03,128,118.8,142.3,90,14.3,107.9,40.3
613,Chennai,2025-09-04,32,163.4,309.0,53,27.3,106.2,15.0
614,Chennai,2025-09-05,290,220.6,298.2,21,32.9,91.2,36.4
615,Kolkata,2025-09-06,283,135.9,77.8,45,15.3,92.7,75.5
616,Ahmedabad,2025-09-07,49,99.6,318.4,94,32.5,108.2,4.1
617,Bengaluru,2025-09-08,233,218.1,165.5,38,14.5,89.7,14.8
618,Mumbai,2025-09-09,323,84.5,258.8,39,29.9,44.1,62.7
619,Hyderabad,2025-09-10,157,29.1,288.7,52,26.2,18.9,12.3
620,Delhi,2025-09-11,321,116.8,186.7,23,19.5,53.5,23.2
621,Chennai,2025-09-12,203,198.4,151.7,51,13.6,15.0,37.5
622,Pune,2025-09-13,250,17.4,322.1,38,33.5,18.3,75.6
623,Hyderabad,2025-09-14,66,150.6,96.2,22,22.2,114.3,16.3
624,Ahmedabad,2025-09-15,339,152.7,104.8,80,12.8,82.7,74.0
625,Hyderabad,2025-09-16,178,232.9,139.3,57,34.7,102.9,58.0
626,Mumbai,2025-09-17,121,78.8,303.6,25,17.5,78.9,54.3
627,Hyderabad,2025-09-18,99,76.9,329.8,75,33.6,53.1,58.4
628,Chennai,2025-09-19,113,115.7,92.6,59,28.1,7.9,4.4
629,Bengaluru,2025-09-20,234,95.7,305.1,88,16.2,114.9,9.7
630,Ahmedabad,2025-09-21,296,186.7,105.2,61,12.4,13.2,28.1
631,Chennai,2025-09-22,117,164.0,340.3,93,29.0,75.2,7.8
632,Delhi,2025-09-23,281,192.1,217.1,21,10.8,16.8,79.0
633,Bengaluru,2025-09-24,240,206.8,22.3,47,12.1,37.7,47.3
634,Kolkata,2025-09-25,60,231.5,31.3,36,32.5,26.4,40.0
635,Mumbai,2025-09-26,345,113.4,68.7,89,27.2,68.7,63.3
636,Ahmedabad,2025-09-27,90,246.3,81.9,88,20.4,107.0,78.2
637,Chennai,2025-09-28,96,61.8,273.3,58,27.3,78.1,76.5
638,Bengaluru,2025-09-29,255,181.4,93.5,26,28.9,81.4,63.9
639,Hyderabad,2025-09-30,96,138.2,339.8,51,28.1,109.5,31.4
640,Bengaluru,2025-10-01,157,206.1,229.9,23,30.6,91.2,7.1
641,Chennai,2025-10-02,140,124.4,248.5,40,40.1,104.6,9.7
642,Kolkata,2025-10-03,301,198.1,91.9,51,22.4,52.9,2.1
643,Chennai,2025-10-04,330,233.2,314.6,33,19.6,104.5,2.1
644,Kolkata,2025-10-05,63,185.8,240.4,89,11.2,79.3,75.0
645,Hyderabad,2025-10-06,241,196.3,305.3,94,14.7,20.6,74.3
646,Chennai,2025-10-07,329,26.1,335.6,65,13.4,9.5,54.1
647,Bengaluru,2025-10-08,154,59.2,61.5,39,20.7,33.1,58.7
648,Delhi,2025-10-09,132,243.8,51.9,77,29.5,48.5,42.0
649,Delhi,2025-10-10,235,176.4,285.1,67,11.5,101.3,20.6
650,Hyderabad,2025-10-11,149,144.7,305.8,26,33.3,90.2,73.3
651,Pune,2025-10-12,199,98.1,212.6,59,22.7,114.9,23.7
652,Pune,2025-10-13,64,20.7,140.8,78,40.8,69.3,59.7
653,Bengaluru,2025-10-14,275,98.6,235.4,55,28.2,91.0,21.1
654,Delhi,2025-10-15,338,129.7,120.9,63,34.7,36.7,69.9
655,Hyderabad,2025-10-16,87,60.8,98.7,50,37.6,83.2,52.8
656,Kolkata,2025-10-17,335,51.6,181.1,61,38.4,86.2,52.1
657,Bengaluru,2025-10-18,170,132.0,91.3,63,26.6,102.6,9.6
658,Pune,2025-10-19,140,150.6,179.6,62,22.7,66.7,34.7
659,Ahmedabad,2025-10-20,192,67.6,335.7,62,27.9,79.6,42.9
660,Kolkata,2025-10-21,140,151.0,297.1,66,22.9,28.4,24.9
661,Bengaluru,2025-10-22,181,226.1,330.7,25,17.7,89.7,70.7
662,Kolkata,2025-10-23,94,123.6,286.1,85,20.4,101.4,67.3
663,Kolkata,2025-10-24,135,215.8,137.1,28,17.4,73.3,40.5
664,Delhi,2025-10-25,245,232.5,288.0,30,18.6,18.3,28.5
665,Ahmedabad,2025-10-26,120,32.2,324.6,37,13.0,41.0,64.5
666,Bengaluru,2025-10-27,55,33.0,332.5,44,23.6,59.7,17.4
667,Chennai,2025-10-28,186,124.3,245.5,93,17.5,82.9,7.6
668,Delhi,2025-10-29,101,151.1,89.8,77,24.3,41.8,5.6
669,Kolkata,2025-10-30,73,112.2,33.1,49,35.4,101.6,5.0
670,Kolkata,2025-10-31,119,88.3,68.6,20,24.3,47.8,40.1
671,Pune,2025-11-01,162,163.8,338.6,82,40.5,9.9,21.9
672,Chennai,2025-11-02,190,10.5,172.5,48,14.7,96.3,55.8
673,Pune,2025-11-03,261,242.3,302.1,85,37.2,79.1,53.0
674,Chennai,2025-11-04,290,65.7,173.5,94,17.9,97.2,44.3
675,Kolkata,2025-11-05,140,230.1,238.1,72,39.9,45.1,29.5
676,Chennai,2025-11-06,193,36.2,28.0,38,17.3,7.0,68.3
677,Ahmedabad,2025-11-07,106,67.1,102.5,85,33.9,13.5,57.4
678,Mumbai,2025-11-08,238,66.4,164.0,71,12.0,17.9,23.2
679,Pune,2025-11-09,42,249.1,228.1,50,30.2,97.6,41.1
680,Pune,2025-11-10,87,11.1,76.6,79,17.0,39.7,14.2
681,Delhi,2025-11-11,65,163.5,272.3,87,31.4,119.8,27.6
682,Ahmedabad,2025-11-12,54,218.7,140.3,49,30.3,92.2,79.8
683,Bengaluru,2025-11-13,63,171.3,289.8,32,39.6,74.1,19.5
684,Pune,2025-11-14,169,97.1,52.3,34,30.1,118.1,56.5
685,Chennai,2025-11-15,304,240.0,244.3,39,23.1,41.4,20.6
686,Chennai,2025-11-16,251,224.4,116.8,53,16.2,24.0,75.2
687,Mumbai,2025-11-17,66,114.1,282.5,39,31.0,89.8,26.2
688,Bengaluru,2025-11-18,158,147.6,152.7,69,13.7,37.0,29.0
689,Mumbai,2025-11-19,345,242.2,239.6,46,36.5,115.5,48.3
690,Bengaluru,2025-11-20,247,245.8,328.3,49,17.9,118.6,47.9
691,Pune,2025-11-21,277,118.0,26.8,75,26.8,111.5,47.2
692,Pune,2025-11-22,140,213.4,23.7,84,29.1,113.6,46.7
693,Delhi,2025-11-23,333,82.5,274.2,74,21.6,75.8,26.4
694,Chennai,2025-11-24,249,99.2,233.3,43,31.2,84.6,35.9
695,Delhi,2025-11-25,225,49.6,116.7,44,18.0,15.8,48.3
696,Bengaluru,2025-11-26,176,60.2,183.2,72,11.1,92.8,54.4
697,Chennai,2025-11-27,69,167.6,33.8,30,40.7,28.2,21.7
698,Pune,2025-11-28,163,132.6,83.5,79,20.2,101.6,56.7
699,Mumbai,2025-11-29,220,65.5,160.1,66,32.8,115.6,74.0
700,Pune,2025-11-30,192,106.7,295.2,44,26.2,29.4,61.1
701,Pune,2025-12-01,90,99.6,178.3,44,31.4,14.0,8.6
702,Kolkata,2025-12-02,34,247.0,213.5,36,13.5,60.6,38.6
703,Mumbai,2025-12-03,66,214.9,308.3,31,26.6,96.0,36.0
704,Kolkata,2025-12-04,246,103.1,121.9,71,22.6,93.6,28.2
705,Ahmedabad,2025-12-05,254,229.3,251.2,30,24.5,85.1,40.3
706,Ahmedabad,2025-12-06,245,92.2,304.4,29,40.9,99.4,36.3
707,Mumbai,2025-12-07,168,170.3,86.9,79,14.4,25.1,2.5
708,Bengaluru,2025-12-08,135,242.0,137.6,73,34.2,80.0,20.5
709,Delhi,2025-12-09,128,103.7,343.3,82,20.6,74.7,18.7
710,Ahmedabad,2025-12-10,197,173.2,344.5,39,19.3,22.6,29.2
711,Kolkata,2025-12-11,293,81.0,93.7,24,18.7,52.7,15.6
712,Bengaluru,2025-12-12,116,73.9,41.9,60,21.2,103.0,7.3
713,Delhi,2025-12-13,113,147.8,109.4,82,21.4,116.8,17.3
714,Delhi,2025-12-14,253,245.0,151.3,75,18.7,81.5,68.6
715,Chennai,2025-12-15,40,118.8,165.5,51,31.4,111.0,64.2
716,Pune,2025-12-16,215,235.0,224.2,46,11.5,20.2,36.5
717,Chennai,2025-12-17,260,229.4,316.8,87,20.6,117.1,70.5
718,Pune,2025-12-18,170,70.9,129.0,67,19.0,8.9,20.1
719,Chennai,2025-12-19,135,106.4,300.5,26,34.0,65.6,47.6
720,Kolkata,2025-12-20,282,164.4,50.8,65,14.7,38.5,13.1
721,Kolkata,2025-12-21,78,134.3,33.8,37,40.1,98.6,67.0
722,Pune,2025-12-22,292,33.0,186.3,57,15.5,30.0,12.2
723,Ahmedabad,2025-12-23,234,248.5,39.7,84,21.8,6.3,4.5
724,Delhi,2025-12-24,80,190.6,149.5,36,16.4,52.7,23.3
725,Kolkata,2025-12-25,204,115.0,315.9,57,19.2,12.4,72.3
726,Delhi,2025-12-26,254,158.4,99.7,82,34.4,38.4,12.1
727,Bengaluru,2025-12-27,290,31.0,253.0,61,25.2,79.0,27.8
728,Mumbai,2025-12-28,251,128.9,119.8,27,15.2,38.9,26.7
729,Delhi,2025-12-29,252,233.4,34.8,49,11.5,33.3,64.5
730,Delhi,2025-12-30,298,225.2,203.7,83,17.4,22.9,34.9
731,Bengaluru,2025-12-31,327,91.0,295.5,28,40.3,20.5,49.7
732,Pune,2026-01-01,347,137.5,155.1,76,37.1,65.5,33.5
733,Chennai,2026-01-02,103,177.4,223.7,78,24.1,83.4,45.0
734,Hyderabad,2026-01-03,143,91.6,317.0,86,25.4,57.1,6.9
735,Ahmedabad,2026-01-04,248,25.6,280.6,94,38.8,19.2,31.2
736,Pune,2026-01-05,83,131.3,84.0,24,28.9,79.5,68.7
737,Chennai,2026-01-06,229,154.4,262.0,23,38.2,69.1,55.9
738,Chennai,2026-01-07,160,11.4,185.6,27,25.7,48.8,78.6
739,Ahmedabad,2026-01-08,221,32.9,266.2,61,16.4,43.0,63.5
740,Pune,2026-01-09,208,59.7,183.2,54,33.2,26.1,37.2
741,Pune,2026-01-10,334,93.5,62.2,32,26.8,21.8,54.7
742,Ahmedabad,2026-01-11,316,139.9,208.1,24,31.4,44.0,62.5
743,Delhi,2026-01-12,269,80.5,182.4,59,15.0,9.8,23.0
744,Delhi,2026-01-13,274,76.3,190.9,38,30.7,55.2,6.7
745,Kolkata,2026-01-14,146,218.6,310.0,23,22.2,74.2,33.7
746,Kolkata,2026-01-15,237,44.8,315.3,78,20.6,113.3,13.3
747,Mumbai,2026-01-16,241,128.9,169.7,37,31.5,77.0,23.6
748,Mumbai,2026-01-17,288,238.7,170.4,43,29.0,76.8,75.9
749,Hyderabad,2026-01-18,192,160.0,190.0,50,30.8,48.1,68.1
750,Pune,2026-01-19,255,182.1,191.5,77,40.9,20.3,48.2
751,Kolkata,2026-01-20,93,113.5,333.6,47,32.4,56.4,33.3
752,Pune,2026-01-21,275,14.8,234.3,28,30.5,73.8,22.6
753,Delhi,2026-01-22,47,165.1,111.6,64,29.6,88.3,46.6
754,Bengaluru,2026-01-23,63,161.7,195.4,68,22.8,100.0,43.6
755,Kolkata,2026-01-24,341,36.5,227.0,21,36.9,34.4,62.9
756,Delhi,2026-01-25,210,120.9,231.1,25,22.2,32.7,74.4
757,Pune,2026-01-26,223,229.7,213.1,48,32.4,70.0,27.7
758,Ahmedabad,2026-01-27,221,59.2,78.7,45,19.4,70.1,18.1
759,Kolkata,2026-01-28,96,120.7,31.1,47,14.7,30.1,33.4
760,Chennai,2026-01-29,238,120.7,131.5,26,14.2,72.6,36.1
761,Kolkata,2026-01-30,196,204.6,161.1,53,30.3,44.8,5.1
762,Pune,2026-01-31,275,207.9,40.4,75,20.5,78.5,69.2
763,Pune,2026-02-01,274,192.2,288.9,29,18.8,38.5,79.7
764,Hyderabad,2026-02-02,195,97.7,133.5,76,28.9,73.1,74.0
765,Pune,2026-02-03,325,27.3,321.5,66,10.8,93.4,69.1
766,Chennai,2026-02-04,240,93.9,71.0,46,17.9,117.7,79.4
767,Delhi,2026-02-05,162,173.1,38.8,58,20.9,109.8,72.8
768,Chennai,2026-02-06,226,178.7,179.2,41,32.7,62.9,55.7
769,Kolkata,2026-02-07,78,241.6,82.4,38,27.4,61.2,15.0
770,Ahmedabad,2026-02-08,93,118.9,329.3,28,37.4,55.3,14.2
771,Chennai,2026-02-09,141,161.8,23.4,38,20.7,8.2,5.8
772,Hyderabad,2026-02-10,214,139.4,156.2,21,19.5,24.1,34.1
773,Bengaluru,2026-02-11,133,46.1,325.8,80,11.1,11.8,65.1
774,Chennai,2026-02-12,242,120.7,146.9,78,40.5,85.1,40.2
775,Pune,2026-02-13,34,140.8,50.7,89,26.0,52.5,30.6
776,Hyderabad,2026-02-14,148,238.2,120.0,90,26.1,12.3,10.5
777,Chennai,2026-02-15,278,98.0,184.3,89,39.5,84.4,6.0
778,Mumbai,2026-02-16,196,245.2,81.1,52,19.3,79.1,33.1
779,Bengaluru,2026-02-17,271,140.2,174.0,84,20.6,87.8,9.8
780,Delhi,2026-02-18,309,68.2,296.0,44,31.0,74.0,10.1
781,Pune,2026-02-19,267,56.0,308.0,89,35.1,23.6,32.8
782,Hyderabad,2026-02-20,335,44.0,36.3,47,32.4,12.1,41.2
783,Chennai,2026-02-21,234,118.7,73.1,37,35.2,99.0,16.6
784,Ahmedabad,2026-02-22,343,15.3,110.8,82,28.4,29.8,55.4
785,Bengaluru,2026-02-23,30,116.8,216.3,68,37.6,67.4,34.7
786,Delhi,2026-02-24,200,247.2,139.1,85,27.6,60.8,9.2
787,Bengaluru,2026-02-25,196,170.8,298.5,59,17.3,110.9,51.7
788,Hyderabad,2026-02-26,287,192.3,256.5,85,27.3,68.5,29.8
789,Mumbai,2026-02-27,92,38.6,53.2,23,32.8,71.7,6.1
790,Hyderabad,2026-02-28,301,123.5,226.1,53,30.9,41.7,75.9
791,Hyderabad,2026-03-01,66,78.7,57.3,24,17.8,115.2,46.6
792,Ahmedabad,2026-03-02,45,224.6,104.2,41,11.3,75.4,39.3
793,Delhi,2026-03-03,283,53.5,78.7,39,18.1,5.6,69.0
794,Ahmedabad,2026-03-04,56,120.1,77.1,66,41.5,68.9,75.1
795,Ahmedabad,2026-03-05,140,151.1,223.4,53,15.9,46.8,19.2
796,Delhi,2026-03-06,262,133.4,206.0,63,24.9,8.7,65.2
797,Chennai,2026-03-07,93,209.3,78.1,25,30.4,54.6,66.8
798,Kolkata,2026-03-08,126,65.5,346.8,75,38.1,94.0,6.2
799,Hyderabad,2026-03-09,296,100.6,159.2,48,34.3,62.9,57.5
800,Delhi,2026-03-10,261,200.1,52.0,72,39.1,78.5,6.9
801,Ahmedabad,2026-03-11,77,136.7,59.8,20,29.3,78.6,48.4
802,Hyderabad,2026-03-12,239,106.5,212.7,78,37.7,82.2,54.2
803,Hyderabad,2026-03-13,105,17.1,343.1,67,18.4,49.6,30.6
804,Ahmedabad,2026-03-14,276,190.8,208.7,26,23.8,47.6,70.7
805,Delhi,2026-03-15,345,243.3,333.2,51,37.0,5.5,64.4
806,Mumbai,2026-03-16,97,158.9,166.6,80,20.4,22.7,74.2
807,Mumbai,2026-03-17,342,215.6,163.8,76,37.9,114.3,26.6
808,Hyderabad,2026-03-18,93,134.1,185.0,70,21.6,101.9,3.7
809,Mumbai,2026-03-19,211,65.6,250.2,38,21.6,36.6,65.3
810,Hyderabad,2026-03-20,109,13.5,141.3,46,19.9,51.1,19.4
811,Ahmedabad,2026-03-21,232,166.8,305.1,82,27.5,113.1,38.4
812,Chennai,2026-03-22,211,128.3,29.7,79,14.1,33.8,65.8
813,Delhi,2026-03-23,243,197.7,165.1,80,11.2,66.2,18.9
814,Hyderabad,2026-03-24,149,176.7,188.6,80,38.7,7.5,26.3
815,Mumbai,2026-03-25,270,247.1,220.3,64,39.7,76.3,36.2
816,Mumbai,2026-03-26,231,132.5,111.1,40,12.4,112.0,23.2
817,Bengaluru,2026-03-27,321,112.5,161.1,63,27.6,106.7,38.0
818,Bengaluru,2026-03-28,83,78.8,179.9,20,27.3,62.7,2.7
819,Pune,2026-03-29,174,124.4,246.7,63,21.9,79.7,18.6
820,Mumbai,2026-03-30,115,219.5,275.3,81,28.2,70.5,66.9
821,Pune,2026-03-31,51,20.2,263.5,80,24.7,12.7,34.3
822,Pune,2026-04-01,321,244.7,132.7,69,25.7,23.3,51.6
823,Pune,2026-04-02,265,248.4,349.8,94,34.2,115.8,20.1
824,Chennai,2026-04-03,58,153.5,300.1,60,26.8,34.4,52.7
825,Kolkata,2026-04-04,212,89.6,105.8,52,20.4,49.2,80.0
826,Hyderabad,2026-04-05,189,63.5,84.4,31,28.6,63.5,48.4
827,Bengaluru,2026-04-06,47,76.4,123.6,21,30.5,117.6,51.0
828,Hyderabad,2026-04-07,67,22.0,169.3,40,31.2,84.3,10.7
829,Bengaluru,2026-04-08,130,124.0,300.8,33,29.8,77.4,33.5
830,Delhi,2026-04-09,319,23.8,276.9,53,31.3,65.3,69.1
831,Delhi,2026-04-10,202,182.4,300.9,83,19.9,85.6,67.1
832,Mumbai,2026-04-11,96,99.3,109.7,42,24.3,81.4,42.7
833,Delhi,2026-04-12,220,57.8,215.8,69,31.4,108.8,72.5
834,Ahmedabad,2026-04-13,72,140.8,113.5,33,34.1,67.3,13.1
835,Delhi,2026-04-14,152,243.7,56.0,65,23.9,53.5,53.3
836,Kolkata,2026-04-15,307,176.8,245.8,24,21.7,97.8,21.4
837,Pune,2026-04-16,225,128.0,67.2,85,32.9,97.0,52.4
838,Chennai,2026-04-17,154,196.5,240.3,41,17.1,24.5,8.8
839,Mumbai,2026-04-18,125,187.0,233.8,89,10.3,32.2,75.6
840,Kolkata,2026-04-19,186,224.0,287.4,21,25.1,115.2,63.3
841,Ahmedabad,2026-04-20,69,59.1,66.1,48,15.5,56.1,17.7
842,Mumbai,2026-04-21,202,216.1,278.5,80,22.1,64.8,51.7
843,Chennai,2026-04-22,202,82.2,349.8,90,19.3,40.7,61.2
844,Mumbai,2026-04-23,149,235.8,300.8,35,34.9,60.3,18.3
845,Hyderabad,2026-04-24,302,77.5,268.1,83,20.6,90.5,9.3
846,Hyderabad,2026-04-25,348,232.4,238.5,33,30.5,60.5,29.4
847,Hyderabad,2026-04-26,290,241.3,159.2,62,31.6,41.2,12.6
848,Delhi,2026-04-27,310,44.9,261.1,62,24.6,16.0,46.1
849,Chennai,2026-04-28,153,243.9,259.0,89,12.6,111.8,35.1
850,Kolkata,2026-04-29,307,30.6,228.4,74,32.4,105.2,38.1
851,Kolkata,2026-04-30,122,62.5,282.8,50,12.4,96.0,44.3
852,Ahmedabad,2026-05-01,64,116.6,168.1,93,13.2,84.8,78.6
853,Bengaluru,2026-05-02,340,248.5,60.0,59,16.3,64.3,63.8
854,Kolkata,2026-05-03,157,127.3,204.5,46,19.0,108.2,51.1
855,Pune,2026-05-04,49,142.1,107.5,71,37.1,96.0,30.4
856,Hyderabad,2026-05-05,290,176.7,146.9,26,31.6,98.8,4.1
857,Pune,2026-05-06,196,242.4,25.7,65,22.4,40.6,11.1
858,Ahmedabad,2026-05-07,348,198.0,146.3,52,41.3,53.7,59.0
859,Pune,2026-05-08,265,63.8,286.9,27,17.8,86.3,30.8
860,Hyderabad,2026-05-09,61,82.7,199.1,24,29.5,47.7,28.1
861,Bengaluru,2026-05-10,260,33.4,23.2,80,37.1,61.8,71.3
862,Delhi,2026-05-11,220,164.7,175.0,91,35.7,79.3,39.8
863,Kolkata,2026-05-12,174,53.4,116.2,79,12.9,55.3,72.2
864,Chennai,2026-05-13,130,71.8,177.6,43,32.3,96.2,71.2
865,Bengaluru,2026-05-14,108,223.1,153.5,26,18.3,18.4,8.3
866,Kolkata,2026-05-15,189,88.4,327.6,80,21.4,87.6,75.7
867,Delhi,2026-05-16,284,146.0,33.6,55,25.6,21.7,8.0
868,Pune,2026-05-17,308,105.4,245.6,46,35.3,112.9,77.2
869,Chennai,2026-05-18,217,27.8,300.8,48,15.3,41.1,37.3
870,Chennai,2026-05-19,239,97.1,336.5,39,13.5,96.5,61.3
871,Ahmedabad,2026-05-20,270,107.9,78.6,89,14.9,65.0,57.1
872,Pune,2026-05-21,85,225.0,195.3,22,17.0,15.5,42.4
873,Delhi,2026-05-22,166,87.9,34.4,58,11.9,72.0,50.3
874,Kolkata,2026-05-23,135,101.0,184.7,64,39.6,109.9,76.1
875,Pune,2026-05-24,98,197.9,61.4,87,20.2,23.1,74.3
876,Mumbai,2026-05-25,219,192.1,296.5,50,15.7,42.0,53.0
877,Ahmedabad,2026-05-26,221,201.6,57.6,57,30.4,55.5,53.3
878,Kolkata,2026-05-27,307,238.9,189.4,25,35.2,36.6,21.3
879,Pune,2026-05-28,61,200.9,192.0,27,34.1,113.5,66.6
880,Pune,2026-05-29,204,107.8,340.6,47,33.0,48.4,51.3
881,Bengaluru,2026-05-30,287,207.2,236.1,34,11.6,80.7,66.4
882,Bengaluru,2026-05-31,152,132.1,115.0,27,35.0,30.8,53.3
883,Kolkata,2026-06-01,114,76.7,99.5,73,26.1,30.3,25.3
884,Ahmedabad,2026-06-02,245,82.7,62.3,25,30.8,25.2,16.8
885,Hyderabad,2026-06-03,245,63.7,269.6,48,40.6,55.0,8.0
886,Bengaluru,2026-06-04,43,44.8,247.9,53,35.9,66.3,47.7
887,Mumbai,2026-06-05,66,54.3,221.3,26,36.4,6.2,24.2
888,Hyderabad,2026-06-06,56,25.2,33.5,59,15.8,100.8,51.2
889,Mumbai,2026-06-07,181,223.2,271.7,93,25.2,64.0,6.6
890,Chennai,2026-06-08,93,233.4,231.8,32,40.4,23.1,31.3
891,Bengaluru,2026-06-09,99,150.8,338.1,81,28.6,12.7,22.3
892,Pune,2026-06-10,183,211.7,213.8,84,13.3,12.3,30.9
893,Hyderabad,2026-06-11,282,54.1,120.3,60,33.4,34.6,6.2
894,Kolkata,2026-06-12,300,226.4,145.9,61,11.4,62.4,58.5
895,Hyderabad,2026-06-13,58,131.5,78.0,85,33.8,103.9,11.1
896,Pune,2026-06-14,103,26.1,258.6,30,38.2,108.8,3.1
897,Chennai,2026-06-15,313,43.9,253.5,69,23.6,100.7,75.8
898,Mumbai,2026-06-16,88,84.2,86.2,90,23.2,42.8,17.0
899,Chennai,2026-06-17,272,20.5,72.3,54,19.7,40.3,66.6
900,Delhi,2026-06-18,178,84.2,45.4,39,38.1,118.6,77.2
901,Bengaluru,2026-06-19,39,24.4,321.0,47,27.5,83.3,43.7
902,Kolkata,2026-06-20,161,66.6,96.9,56,28.5,40.1,43.0
903,Mumbai,2026-06-21,91,73.8,133.6,22,31.2,42.8,30.7
904,Chennai,2026-06-22,291,248.6,112.6,78,19.6,55.0,35.2
905,Kolkata,2026-06-23,247,66.5,156.5,92,23.8,76.5,39.6
906,Bengaluru,2026-06-24,261,67.4,255.6,46,33.7,108.3,13.9
907,Pune,2026-06-25,101,174.8,307.3,51,41.5,27.8,30.4
908,Kolkata,2026-06-26,45,216.2,80.3,67,11.1,14.7,65.7
909,Bengaluru,2026-06-27,67,102.9,246.5,65,11.4,51.7,16.2
910,Bengaluru,2026-06-28,206,220.1,136.3,66,23.7,33.2,58.9
911,Bengaluru,2026-06-29,112,91.6,343.6,59,31.1,71.2,52.8
912,Chennai,2026-06-30,46,57.3,118.6,22,22.4,85.4,6.5
913,Pune,2026-07-01,185,89.1,22.4,94,42.0,40.7,3.7
914,Bengaluru,2026-07-02,201,156.2,190.2,48,16.3,83.8,29.5
915,Kolkata,2026-07-03,99,98.1,69.7,77,10.3,44.5,56.0
916,Pune,2026-07-04,100,171.5,34.7,69,16.1,78.0,27.8
917,Delhi,2026-07-05,284,66.9,250.4,29,38.4,77.8,54.1
918,Kolkata,2026-07-06,160,178.2,261.6,80,14.6,37.0,53.9
919,Chennai,2026-07-07,78,93.4,172.0,80,25.3,78.1,64.9
920,Bengaluru,2026-07-08,50,119.4,243.4,42,23.4,48.8,9.8
921,Ahmedabad,2026-07-09,349,143.9,197.6,25,31.3,43.7,47.0
922,Pune,2026-07-10,249,174.7,227.8,94,11.7,38.3,6.9
923,Delhi,2026-07-11,216,67.3,216.9,79,31.1,44.7,15.7
924,Chennai,2026-07-12,61,210.6,239.7,46,21.4,95.5,27.4
925,Mumbai,2026-07-13,232,183.2,85.9,74,39.6,33.2,57.2
926,Mumbai,2026-07-14,305,66.2,108.7,50,37.2,83.4,78.0
927,Ahmedabad,2026-07-15,271,244.0,165.2,49,22.8,108.6,28.7
928,Ahmedabad,2026-07-16,45,169.6,167.2,86,41.8,45.3,42.6
929,Mumbai,2026-07-17,345,118.6,275.6,32,11.7,8.4,22.2
930,Delhi,2026-07-18,202,47.8,141.2,78,35.2,7.8,54.7
931,Pune,2026-07-19,166,138.0,73.6,73,23.9,21.0,30.6
932,Kolkata,2026-07-20,208,49.5,103.0,40,23.9,17.7,39.6
933,Delhi,2026-07-21,90,113.1,90.9,62,15.4,91.0,46.3
934,Ahmedabad,2026-07-22,133,108.1,261.4,30,26.5,38.9,55.5
935,Pune,2026-07-23,346,182.8,175.2,86,12.7,80.0,6.7
936,Delhi,2026-07-24,224,56.2,253.8,57,29.7,9.9,45.3
937,Pune,2026-07-25,285,207.2,157.4,43,17.7,39.0,35.6
938,Delhi,2026-07-26,105,88.3,313.6,70,33.2,31.9,12.4
939,Mumbai,2026-07-27,300,116.6,344.6,80,29.4,36.8,18.2
940,Hyderabad,2026-07-28,210,195.4,241.0,65,33.9,26.9,70.9
941,Pune,2026-07-29,161,160.1,305.1,62,34.0,76.1,70.0
942,Pune,2026-07-30,180,83.9,187.6,46,16.3,81.2,4.6
943,Pune,2026-07-31,184,102.7,328.4,49,10.0,22.1,55.8
944,Kolkata,2026-08-01,264,83.4,294.4,82,21.7,90.2,45.2
945,Hyderabad,2026-08-02,277,152.7,347.3,29,39.4,33.8,75.3
946,Hyderabad,2026-08-03,194,89.8,225.6,22,28.5,37.5,72.8
947,Delhi,2026-08-04,234,184.2,277.1,79,33.3,100.3,47.2
948,Kolkata,2026-08-05,194,149.1,199.1,46,38.1,108.6,12.8
949,Hyderabad,2026-08-06,242,45.0,105.5,64,39.0,99.8,37.9
950,Bengaluru,2026-08-07,283,84.5,137.1,81,26.9,22.0,58.6
951,Delhi,2026-08-08,186,63.1,315.0,43,27.3,119.9,76.2
952,Delhi,2026-08-09,206,103.7,38.5,65,37.2,82.3,30.4
953,Delhi,2026-08-10,104,133.8,215.2,63,35.8,63.7,63.2
954,Bengaluru,2026-08-11,207,131.6,142.9,82,32.4,114.8,55.3
955,Ahmedabad,2026-08-12,313,191.1,147.6,23,29.3,99.0,8.1
956,Bengaluru,2026-08-13,162,55.4,311.9,35,29.8,84.6,45.5
957,Mumbai,2026-08-14,154,237.2,301.8,70,21.6,101.4,16.3
958,Ahmedabad,2026-08-15,341,92.3,217.6,93,36.9,49.3,55.3
959,Chennai,2026-08-16,349,82.1,110.1,67,29.8,83.7,49.6
960,Kolkata,2026-08-17,156,174.4,176.9,84,17.2,26.9,77.9
961,Chennai,2026-08-18,254,203.3,154.7,88,17.7,118.6,75.0
962,Delhi,2026-08-19,46,100.8,136.7,64,37.6,72.7,2.7
963,Hyderabad,2026-08-20,340,189.2,53.9,22,30.0,98.6,8.2
964,Delhi,2026-08-21,275,222.1,199.2,36,22.8,51.8,62.0
965,Hyderabad,2026-08-22,166,194.0,119.6,56,16.0,92.2,55.5
966,Mumbai,2026-08-23,246,18.2,238.1,24,29.5,49.5,64.5
967,Pune,2026-08-24,225,208.6,125.3,66,15.9,72.9,22.8
968,Chennai,2026-08-25,230,195.9,162.3,63,25.0,94.5,68.2
969,Pune,2026-08-26,236,170.6,37.3,52,31.7,18.4,36.5
970,Pune,2026-08-27,45,192.4,347.5,40,28.1,46.0,22.4
971,Delhi,2026-08-28,42,245.1,187.5,86,39.5,67.7,2.8
972,Chennai,2026-08-29,107,113.5,28.0,87,11.3,43.4,70.0
973,Ahmedabad,2026-08-30,243,26.1,198.6,51,19.0,40.6,43.8
974,Ahmedabad,2026-08-31,148,120.6,307.2,43,11.8,37.4,78.1
975,Mumbai,2026-09-01,210,21.1,274.9,54,16.2,31.2,57.7
976,Chennai,2026-09-02,166,80.6,251.3,37,14.0,102.6,8.3
977,Hyderabad,2026-09-03,208,150.9,66.0,86,33.4,111.2,47.9
978,Kolkata,2026-09-04,237,84.3,237.1,73,21.8,85.5,3.3
979,Pune,2026-09-05,83,174.5,272.9,45,39.6,8.4,45.5
980,Ahmedabad,2026-09-06,108,207.3,208.9,79,10.7,95.4,29.3
981,Mumbai,2026-09-07,300,110.9,314.6,84,30.9,66.2,52.2
982,Chennai,2026-09-08,147,226.0,111.4,70,41.1,92.2,44.2
983,Delhi,2026-09-09,135,29.2,99.9,79,15.6,55.3,22.4
984,Bengaluru,2026-09-10,134,211.6,307.0,78,24.2,9.7,14.7
985,Bengaluru,2026-09-11,332,208.9,226.4,36,32.5,83.4,33.6
986,Mumbai,2026-09-12,147,87.3,20.5,40,30.3,56.1,79.0
987,Ahmedabad,2026-09-13,258,81.7,136.5,86,28.1,105.5,36.0
988,Bengaluru,2026-09-14,177,83.2,303.1,47,20.5,89.9,60.4
989,Ahmedabad,2026-09-15,179,204.7,29.0,63,33.3,46.3,6.4
990,Kolkata,2026-09-16,333,209.6,21.1,89,30.9,88.3,31.6
991,Mumbai,2026-09-17,285,89.1,112.8,81,15.2,61.9,47.3
992,Delhi,2026-09-18,111,152.2,321.6,61,40.9,27.9,60.6
993,Delhi,2026-09-19,45,43.3,317.5,41,27.8,53.3,43.2
994,Mumbai,2026-09-20,222,122.5,191.2,57,26.8,30.6,42.2
995,Bengaluru,2026-09-21,240,249.7,202.6,33,37.1,5.6,61.6
996,Bengaluru,2026-09-22,103,48.1,129.6,45,30.5,33.4,26.4
997,Delhi,2026-09-23,306,237.4,100.4,59,12.4,29.1,9.1
998,Kolkata,2026-09-24,90,207.8,289.0,73,26.2,5.5,29.1
999,Hyderabad,2026-09-25,53,243.3,55.1,32,35.0,95.2,14.4
1000,Bengaluru,2026-09-26,52,53.1,180.8,38,32.4,13.9,77.3
