Record_ID,User_ID,Date,Steps,Calories_Burned,Distance_km,Sleep_Hours,Resting_Heart_Rate,Active_Minutes,Floors_Climbed
1,285,2025-01-01,17494,2838,12.01,6.9,81,95,8
2,180,2025-01-02,7692,1884,5.2,9.1,57,11,12
3,153,2025-01-03,10218,1568,7.78,7.3,82,141,31
4,234,2025-01-04,12746,2202,9.55,4.3,93,54,0
5,23,2025-01-05,16372,1645,3.87,9.8,64,22,0
6,94,2025-01-06,13631,3713,10.92,9.0,76,64,36
7,245,2025-01-07,2472,2248,8.43,4.8,79,169,39
8,290,2025-01-08,15599,3690,6.98,9.5,71,31,17
9,160,2025-01-09,5872,3425,12.24,6.7,78,98,35
10,285,2025-01-10,11573,3093,4.03,6.2,90,64,30
11,9,2025-01-11,14691,2750,13.31,6.8,79,154,0
12,185,2025-01-12,12482,1929,8.64,9.0,51,145,35
13,295,2025-01-13,5753,3018,9.33,8.0,64,106,8
14,135,2025-01-14,2833,2246,13.19,4.4,76,147,21
15,110,2025-01-15,6928,3789,12.35,9.7,56,28,27
16,69,2025-01-16,9645,3188,9.22,4.9,76,137,25
17,136,2025-01-17,7816,3102,11.42,8.5,70,151,9
18,96,2025-01-18,8256,2159,6.78,7.8,62,76,2
19,119,2025-01-19,11549,2803,8.44,5.1,66,70,1
20,274,2025-01-20,16062,2197,1.4,5.0,60,72,36
21,177,2025-01-21,10635,1931,1.8,9.2,59,114,30
22,237,2025-01-22,10940,3317,12.53,6.5,82,113,32
23,272,2025-01-23,3401,2263,1.37,7.9,63,148,31
24,277,2025-01-24,14111,1441,2.96,7.0,86,143,11
25,138,2025-01-25,12363,1998,12.04,8.4,57,43,2
26,132,2025-01-26,13432,1705,0.52,6.9,82,108,25
27,44,2025-01-27,10978,2208,4.59,5.7,56,73,13
28,123,2025-01-28,1909,2663,8.97,6.2,83,96,11
29,136,2025-01-29,1760,2078,9.13,9.2,56,90,25
30,126,2025-01-30,6612,2130,11.77,6.8,56,75,15
31,275,2025-01-31,4240,3888,7.84,5.3,90,168,7
32,64,2025-02-01,1530,3425,7.89,9.6,85,92,27
33,296,2025-02-02,10551,2332,11.02,8.8,56,101,6
34,232,2025-02-03,11219,2302,7.73,4.3,69,145,14
35,51,2025-02-04,17216,1532,9.32,10.0,67,179,35
36,137,2025-02-05,3560,4166,13.52,8.2,94,178,7
37,158,2025-02-06,6103,3498,6.32,5.0,92,177,9
38,56,2025-02-07,10465,4065,6.08,5.4,90,159,14
39,81,2025-02-08,3781,1791,0.55,8.2,63,161,17
40,232,2025-02-09,6257,4143,9.39,8.7,89,47,36
41,128,2025-02-10,3188,3970,0.93,5.4,63,139,34
42,126,2025-02-11,7063,1907,7.81,5.5,70,134,1
43,80,2025-02-12,16615,3085,12.16,5.8,76,50,21
44,175,2025-02-13,1881,3801,8.47,7.6,75,28,14
45,145,2025-02-14,2847,2818,4.41,5.0,76,114,36
46,126,2025-02-15,7599,2355,11.9,4.6,73,139,38
47,182,2025-02-16,5568,1495,4.41,8.1,54,101,35
48,219,2025-02-17,17314,1505,11.13,8.7,91,105,4
49,278,2025-02-18,8163,2077,9.35,7.0,87,71,14
50,83,2025-02-19,12156,3960,2.96,6.2,77,25,26
51,141,2025-02-20,12255,2255,13.62,6.6,91,103,15
52,95,2025-02-21,12320,3362,3.41,6.3,92,159,35
53,194,2025-02-22,3216,2189,14.85,9.8,81,151,37
54,110,2025-02-23,6701,1914,0.61,8.6,73,125,17
55,52,2025-02-24,12780,2484,4.32,5.2,55,65,34
56,103,2025-02-25,11694,2407,3.4,6.3,59,74,24
57,101,2025-02-26,5809,2717,0.7,7.3,52,63,21
58,142,2025-02-27,17562,4184,11.12,7.7,56,95,30
59,201,2025-02-28,15392,3749,10.55,6.8,78,170,36
60,199,2025-03-01,8771,4093,11.99,8.9,83,59,33
61,284,2025-03-02,2929,3678,4.22,8.6,56,114,22
62,217,2025-03-03,15306,2832,6.94,7.0,66,31,15
63,46,2025-03-04,15244,4185,10.06,9.1,62,49,5
64,28,2025-03-05,1111,1696,6.88,8.5,70,48,14
65,2,2025-03-06,12411,1854,10.61,8.7,80,114,17
66,17,2025-03-07,12116,2341,9.69,9.7,58,178,37
67,77,2025-03-08,16707,1639,2.16,5.6,94,77,12
68,165,2025-03-09,4127,3021,11.83,5.6,62,16,23
69,97,2025-03-10,14100,3998,10.95,9.3,66,94,12
70,105,2025-03-11,12203,3585,10.01,8.6,57,141,0
71,24,2025-03-12,2208,1853,2.75,9.6,58,85,35
72,200,2025-03-13,12317,2649,4.39,4.4,58,100,17
73,35,2025-03-14,1036,3890,6.2,7.8,89,93,32
74,2,2025-03-15,12252,3474,4.56,4.9,79,163,37
75,289,2025-03-16,8006,3904,3.8,7.0,56,40,5
76,138,2025-03-17,16067,2094,12.18,4.9,66,108,16
77,62,2025-03-18,6347,2109,9.75,4.8,88,61,3
78,299,2025-03-19,1809,3414,8.7,4.1,87,121,13
79,197,2025-03-20,5118,2248,3.78,7.8,54,81,29
80,59,2025-03-21,14083,2348,13.81,6.2,66,30,19
81,265,2025-03-22,17879,1506,3.27,4.6,89,25,7
82,188,2025-03-23,14187,3891,12.03,5.9,50,25,1
83,63,2025-03-24,1424,3124,14.52,5.0,65,155,36
84,279,2025-03-25,2982,3483,11.04,9.7,66,65,3
85,30,2025-03-26,16918,1996,14.9,5.9,79,165,9
86,171,2025-03-27,16398,1554,9.94,6.0,80,91,19
87,21,2025-03-28,12992,2195,3.65,9.0,84,87,34
88,299,2025-03-29,2233,1671,3.46,7.9,94,46,9
89,201,2025-03-30,10989,2970,5.21,8.3,57,153,27
90,135,2025-03-31,15546,2843,0.6,7.8,79,69,14
91,272,2025-04-01,9756,2607,10.38,9.7,88,20,35
92,23,2025-04-02,4019,3034,4.4,5.2,70,135,0
93,87,2025-04-03,2304,2660,12.32,9.9,64,75,21
94,31,2025-04-04,15144,3338,5.71,9.0,83,135,26
95,121,2025-04-05,17516,2932,7.46,7.5,76,41,28
96,69,2025-04-06,17832,1521,14.5,8.0,51,156,14
97,134,2025-04-07,11022,2840,4.01,7.9,59,65,9
98,146,2025-04-08,11350,2798,10.96,4.4,54,14,19
99,263,2025-04-09,12818,2903,11.45,5.3,76,140,21
100,293,2025-04-10,1849,1549,3.7,9.8,53,165,8
101,86,2025-04-11,4962,2106,7.76,7.2,62,99,31
102,16,2025-04-12,5854,3015,5.58,6.3,66,103,16
103,216,2025-04-13,2539,2913,11.69,8.6,70,81,18
104,116,2025-04-14,3944,3600,9.53,7.1,72,109,39
105,118,2025-04-15,4244,3998,7.4,4.1,82,38,26
106,270,2025-04-16,14255,2244,11.8,8.4,64,68,36
107,162,2025-04-17,2591,3727,3.91,8.4,63,34,33
108,188,2025-04-18,16768,3869,11.43,5.0,58,159,9
109,104,2025-04-19,8855,3376,13.05,9.7,93,106,29
110,141,2025-04-20,2601,3235,13.24,5.3,86,110,20
111,167,2025-04-21,13809,2203,11.86,6.7,79,126,20
112,300,2025-04-22,6690,1754,6.42,4.7,78,32,33
113,28,2025-04-23,13521,3005,14.74,7.6,72,79,8
114,272,2025-04-24,2842,1777,6.0,6.3,83,88,33
115,50,2025-04-25,11483,3527,9.76,6.1,56,88,11
116,156,2025-04-26,9058,2980,2.84,9.0,58,177,20
117,121,2025-04-27,14704,2387,14.72,4.1,53,107,19
118,140,2025-04-28,6565,1632,10.71,8.8,51,23,5
119,16,2025-04-29,12088,1553,11.42,7.4,76,38,35
120,49,2025-04-30,5488,2306,1.45,9.9,82,153,11
121,164,2025-05-01,9906,3020,11.57,7.5,81,96,30
122,62,2025-05-02,2927,3818,11.73,4.3,93,19,1
123,154,2025-05-03,16512,1722,10.24,4.3,94,56,15
124,150,2025-05-04,9301,1731,4.73,9.3,86,13,0
125,73,2025-05-05,9457,1642,7.6,9.0,76,21,3
126,69,2025-05-06,6492,1829,2.1,6.1,77,51,0
127,177,2025-05-07,4223,2605,7.34,7.7,52,13,34
128,2,2025-05-08,1954,2896,4.04,6.9,85,93,12
129,119,2025-05-09,10541,3823,5.56,9.8,92,101,30
130,7,2025-05-10,16007,1480,2.86,9.7,57,101,19
131,255,2025-05-11,2574,2973,3.84,9.9,93,15,6
132,75,2025-05-12,16674,1819,1.61,9.2,90,151,39
133,195,2025-05-13,16426,1866,13.84,9.5,86,44,32
134,187,2025-05-14,8095,2480,8.19,5.3,94,74,27
135,3,2025-05-15,13023,3400,6.25,9.0,87,156,19
136,184,2025-05-16,4255,2965,8.26,8.3,71,66,31
137,273,2025-05-17,2058,2918,9.61,9.8,63,22,8
138,52,2025-05-18,2957,3435,13.87,7.4,64,145,33
139,263,2025-05-19,5944,2203,3.09,4.5,53,27,13
140,133,2025-05-20,6058,2477,4.79,7.6,67,172,3
141,225,2025-05-21,3519,3032,14.65,8.1,50,96,28
142,61,2025-05-22,12845,3384,5.88,5.3,61,123,14
143,16,2025-05-23,3570,1403,0.83,6.4,90,35,16
144,229,2025-05-24,8450,3302,2.64,7.6,91,175,18
145,195,2025-05-25,8703,2002,0.88,6.2,66,75,37
146,251,2025-05-26,16898,3767,14.85,6.2,68,35,8
147,48,2025-05-27,15389,2798,4.54,4.8,85,135,26
148,235,2025-05-28,16414,1900,13.89,9.6,56,66,14
149,121,2025-05-29,1744,3085,14.94,8.5,58,34,36
150,50,2025-05-30,4514,4018,9.2,4.0,57,39,27
151,41,2025-05-31,11871,1584,0.98,8.6,74,144,3
152,22,2025-06-01,14536,4003,1.68,8.4,56,36,20
153,182,2025-06-02,1175,2695,7.48,4.1,91,148,33
154,5,2025-06-03,17949,1454,6.39,6.2,57,110,18
155,145,2025-06-04,4217,3124,9.29,7.6,73,145,36
156,78,2025-06-05,16106,3270,6.86,6.7,66,20,3
157,231,2025-06-06,14696,1476,14.04,8.7,61,135,36
158,297,2025-06-07,10586,3743,8.25,6.6,80,39,31
159,209,2025-06-08,6802,3001,10.56,4.9,61,103,11
160,163,2025-06-09,8034,3071,13.5,9.9,51,125,15
161,168,2025-06-10,17263,4193,2.63,5.5,61,24,13
162,278,2025-06-11,10412,3134,3.83,8.3,76,44,0
163,237,2025-06-12,9776,3490,2.06,4.9,56,48,31
164,176,2025-06-13,12054,2784,2.52,6.0,62,33,20
165,53,2025-06-14,10812,2651,7.93,6.7,85,17,3
166,10,2025-06-15,12399,3674,5.16,5.2,50,52,8
167,146,2025-06-16,15963,2486,6.64,6.7,84,179,21
168,227,2025-06-17,11768,1570,14.75,4.9,79,93,11
169,236,2025-06-18,1531,3754,2.77,7.4,80,178,29
170,242,2025-06-19,12357,3173,8.34,8.0,66,56,29
171,71,2025-06-20,2437,4015,1.93,4.4,57,35,31
172,158,2025-06-21,6502,3481,5.12,9.2,52,159,35
173,19,2025-06-22,8608,2226,8.15,5.1,59,142,6
174,55,2025-06-23,6566,3065,14.23,5.4,83,152,16
175,215,2025-06-24,9808,1529,6.17,8.0,71,173,0
176,209,2025-06-25,5014,2817,1.44,6.8,53,110,13
177,21,2025-06-26,14613,2574,6.13,7.0,81,72,37
178,282,2025-06-27,8399,4102,2.61,4.8,78,102,25
179,249,2025-06-28,1931,4077,3.83,8.8,60,64,26
180,28,2025-06-29,17777,2807,9.46,7.7,62,81,15
181,296,2025-06-30,3465,2440,1.48,4.8,53,69,6
182,211,2025-07-01,16623,1993,7.24,6.2,51,38,31
183,285,2025-07-02,15008,2437,9.34,8.9,83,28,24
184,20,2025-07-03,9817,3528,6.62,7.4,92,82,30
185,20,2025-07-04,6988,1603,0.78,4.7,71,147,15
186,120,2025-07-05,8509,3207,14.79,6.2,54,110,13
187,97,2025-07-06,13849,2967,5.82,5.5,58,147,24
188,120,2025-07-07,12071,1422,11.79,7.1,69,66,29
189,25,2025-07-08,15081,4061,5.22,9.1,70,77,6
190,153,2025-07-09,14228,3033,7.39,6.6,66,96,11
191,245,2025-07-10,12614,3591,6.13,6.6,61,112,2
192,260,2025-07-11,11301,1503,5.47,9.4,77,81,26
193,4,2025-07-12,3781,2805,0.82,7.5,67,138,18
194,143,2025-07-13,11083,2878,5.72,7.4,52,127,36
195,282,2025-07-14,12374,3771,13.4,5.6,54,149,6
196,220,2025-07-15,2639,2594,10.51,7.6,63,172,15
197,160,2025-07-16,14838,1975,2.61,7.5,75,125,31
198,76,2025-07-17,9973,3006,9.07,6.4,68,91,7
199,99,2025-07-18,14982,1673,13.44,9.9,90,170,12
200,180,2025-07-19,13884,1851,10.65,9.3,66,118,10
201,127,2025-07-20,11248,1524,2.66,8.5,88,162,19
202,32,2025-07-21,11515,3764,13.08,7.2,91,25,17
203,265,2025-07-22,3274,3266,4.87,6.8,53,145,36
204,13,2025-07-23,11830,3554,7.08,5.1,91,44,5
205,202,2025-07-24,3480,3083,8.13,5.8,84,148,19
206,18,2025-07-25,7799,2306,12.83,8.6,73,53,31
207,93,2025-07-26,9547,1829,14.01,6.7,90,148,28
208,280,2025-07-27,15328,4151,13.98,9.3,62,148,3
209,60,2025-07-28,13679,1761,0.62,4.9,82,159,6
210,214,2025-07-29,14928,2195,13.87,7.1,64,94,19
211,100,2025-07-30,11659,1831,1.29,7.9,64,91,33
212,1,2025-07-31,7104,4122,4.35,7.1,80,111,35
213,43,2025-08-01,17547,2943,7.97,9.3,92,72,6
214,168,2025-08-02,13925,2258,7.46,9.9,77,42,32
215,192,2025-08-03,4381,2829,9.27,4.7,59,69,14
216,34,2025-08-04,3064,2745,7.45,4.8,56,132,31
217,34,2025-08-05,7589,3030,14.05,4.8,82,11,21
218,176,2025-08-06,8447,1975,3.99,8.1,56,150,39
219,196,2025-08-07,1339,2488,4.47,6.2,54,66,28
220,158,2025-08-08,6130,2292,13.85,8.4,75,54,24
221,245,2025-08-09,8733,1669,1.61,6.4,65,40,4
222,71,2025-08-10,14110,3419,9.34,7.8,57,147,13
223,114,2025-08-11,6049,2523,10.39,8.6,71,32,34
224,285,2025-08-12,11318,1837,7.83,7.3,83,38,1
225,143,2025-08-13,13633,2442,10.57,7.2,89,40,24
226,97,2025-08-14,16608,3672,3.0,4.5,77,27,15
227,212,2025-08-15,1638,3041,12.86,6.5,85,20,15
228,185,2025-08-16,8709,3907,2.53,7.3,56,112,10
229,205,2025-08-17,6143,3841,6.31,6.8,89,56,34
230,216,2025-08-18,2224,2783,1.59,9.4,92,12,22
231,246,2025-08-19,15466,2853,8.41,9.4,77,139,4
232,239,2025-08-20,16279,1414,10.21,8.9,51,81,34
233,293,2025-08-21,13102,4007,14.15,6.3,58,168,28
234,8,2025-08-22,5245,3074,11.22,8.3,55,145,4
235,78,2025-08-23,10741,2403,8.35,6.4,50,139,2
236,277,2025-08-24,8407,3861,14.02,5.4,52,31,5
237,202,2025-08-25,15790,2778,7.44,6.1,59,133,22
238,214,2025-08-26,16642,2880,8.64,4.4,86,142,1
239,94,2025-08-27,10567,3145,9.14,6.0,93,144,17
240,75,2025-08-28,9859,3261,6.44,6.8,72,29,29
241,157,2025-08-29,6768,1514,12.66,9.7,82,86,37
242,153,2025-08-30,1335,2775,3.19,5.9,58,139,4
243,142,2025-08-31,13953,2375,8.55,9.4,62,41,10
244,78,2025-09-01,16330,3085,10.97,5.4,77,99,0
245,182,2025-09-02,17464,3483,13.61,5.1,56,12,9
246,195,2025-09-03,3134,3689,13.32,7.1,75,178,25
247,158,2025-09-04,17641,3086,7.88,8.0,65,51,32
248,146,2025-09-05,1184,1462,9.83,4.3,89,86,26
249,54,2025-09-06,17506,4113,6.22,5.3,75,110,11
250,277,2025-09-07,9056,1908,7.29,6.7,88,154,1
251,83,2025-09-08,8263,1587,13.64,6.0,81,137,0
252,156,2025-09-09,14191,4182,14.0,8.3,85,56,0
253,4,2025-09-10,4514,1492,13.48,7.1,91,161,32
254,271,2025-09-11,7077,1404,2.51,5.0,50,132,21
255,64,2025-09-12,3352,3472,12.83,9.4,70,43,11
256,112,2025-09-13,16716,3955,14.25,5.8,62,51,38
257,239,2025-09-14,10500,1497,5.74,8.4,75,42,35
258,144,2025-09-15,15992,2691,8.02,8.7,94,132,20
259,20,2025-09-16,11133,4109,11.8,9.8,58,36,19
260,64,2025-09-17,7405,3187,8.65,7.0,86,68,35
261,289,2025-09-18,17874,2708,14.91,7.7,72,156,25
262,81,2025-09-19,3934,2083,7.11,6.0,50,124,30
263,197,2025-09-20,15347,2532,10.85,8.1,51,140,0
264,69,2025-09-21,14502,1426,11.99,6.8,92,137,37
265,186,2025-09-22,14711,3181,7.66,6.6,77,129,13
266,167,2025-09-23,14848,3502,12.93,9.1,85,162,25
267,205,2025-09-24,15426,2180,8.42,4.3,80,122,6
268,164,2025-09-25,5695,3745,6.47,9.3,90,24,11
269,94,2025-09-26,17203,3014,2.06,9.1,54,92,23
270,249,2025-09-27,16860,2441,6.2,7.0,86,92,18
271,68,2025-09-28,15097,3193,11.14,6.9,74,32,8
272,21,2025-09-29,15636,2254,13.86,6.2,57,20,34
273,85,2025-09-30,9843,3042,4.15,10.0,83,125,3
274,24,2025-10-01,17800,3332,5.65,4.7,88,171,31
275,111,2025-10-02,16573,3426,2.73,7.5,81,112,5
276,83,2025-10-03,6566,3387,10.52,8.1,60,16,27
277,78,2025-10-04,6999,4006,14.42,9.6,74,115,27
278,140,2025-10-05,4866,2669,9.79,8.7,52,123,39
279,271,2025-10-06,9937,3950,9.45,7.9,94,32,28
280,169,2025-10-07,3002,2512,8.53,4.7,81,111,4
281,197,2025-10-08,17623,3650,1.78,6.2,84,67,4
282,262,2025-10-09,10047,1639,11.08,4.8,81,29,36
283,215,2025-10-10,16925,1889,9.23,9.3,83,164,27
284,67,2025-10-11,13707,2436,10.09,8.5,86,126,8
285,229,2025-10-12,11790,4096,13.53,8.5,54,145,28
286,161,2025-10-13,16301,2738,11.87,7.9,94,110,13
287,122,2025-10-14,16596,3436,11.82,7.0,77,11,37
288,149,2025-10-15,2353,2084,13.94,4.9,77,31,39
289,193,2025-10-16,11227,3426,14.85,6.0,57,79,33
290,231,2025-10-17,16828,3690,8.93,4.8,76,112,36
291,111,2025-10-18,9678,3954,2.08,8.3,65,113,13
292,145,2025-10-19,13910,3014,7.16,5.0,67,45,17
293,221,2025-10-20,7864,3167,11.92,8.2,74,117,32
294,64,2025-10-21,15716,2012,0.9,8.2,50,33,33
295,126,2025-10-22,16150,1561,1.32,6.8,57,149,27
296,218,2025-10-23,7125,2055,1.47,4.8,70,31,35
297,284,2025-10-24,10204,2020,11.1,5.9,83,92,36
298,236,2025-10-25,3347,2656,7.77,5.9,73,82,22
299,13,2025-10-26,15743,3558,5.85,8.2,86,133,16
300,153,2025-10-27,4708,3351,2.03,4.7,75,90,10
301,239,2025-10-28,11114,2655,11.12,9.0,63,160,31
302,190,2025-10-29,1637,3375,5.15,8.6,78,83,36
303,151,2025-10-30,6866,2149,4.35,5.1,79,39,14
304,86,2025-10-31,4008,2108,9.96,8.3,52,156,3
305,21,2025-11-01,17251,3720,8.61,8.0,56,35,38
306,182,2025-11-02,6600,3021,5.75,8.5,85,137,29
307,158,2025-11-03,12649,1440,9.8,5.1,60,20,9
308,76,2025-11-04,12366,1959,4.43,4.9,81,29,22
309,203,2025-11-05,12880,1865,12.03,5.4,61,127,23
310,229,2025-11-06,9441,2500,3.83,6.2,64,65,35
311,152,2025-11-07,6320,3113,2.8,8.8,87,56,4
312,263,2025-11-08,9727,1889,11.85,8.4,73,98,36
313,72,2025-11-09,12724,1516,10.76,9.6,50,67,18
314,225,2025-11-10,7443,3881,3.15,4.4,67,19,36
315,131,2025-11-11,14394,2994,2.19,4.1,56,31,7
316,28,2025-11-12,7952,1595,12.66,8.2,91,80,6
317,299,2025-11-13,9649,2018,11.76,5.7,90,33,39
318,97,2025-11-14,4369,2874,5.25,6.0,51,105,12
319,46,2025-11-15,8983,3872,10.04,7.3,89,16,36
320,1,2025-11-16,12888,2707,2.3,4.6,80,81,26
321,166,2025-11-17,6635,1433,7.85,7.9,82,136,17
322,245,2025-11-18,5069,3742,0.77,6.0,79,47,23
323,219,2025-11-19,7251,2674,6.18,7.8,80,158,1
324,102,2025-11-20,12579,1738,1.59,9.0,83,145,15
325,291,2025-11-21,6737,4065,7.39,5.0,56,130,13
326,204,2025-11-22,10439,1579,6.61,9.6,74,98,16
327,202,2025-11-23,3573,2021,6.94,7.2,65,37,5
328,54,2025-11-24,1125,3056,1.16,9.5,71,101,34
329,280,2025-11-25,10421,4066,5.74,5.2,85,63,16
330,278,2025-11-26,12403,2042,11.47,7.6,76,168,37
331,16,2025-11-27,2306,3470,5.85,6.4,66,125,39
332,13,2025-11-28,3101,3080,10.87,8.6,53,125,5
333,87,2025-11-29,15681,2750,5.86,7.6,84,129,37
334,78,2025-11-30,1135,2577,6.64,7.0,90,50,20
335,67,2025-12-01,8311,2018,8.68,9.5,71,46,34
336,211,2025-12-02,1812,2569,14.28,6.3,84,134,22
337,214,2025-12-03,11130,1651,2.08,5.3,93,175,11
338,185,2025-12-04,16227,1701,0.98,7.6,64,85,28
339,33,2025-12-05,14760,2966,9.32,7.7,89,46,26
340,115,2025-12-06,9826,3610,14.26,6.6,93,110,5
341,275,2025-12-07,14939,2011,14.85,6.9,70,40,20
342,198,2025-12-08,1668,2471,7.52,9.8,62,155,6
343,143,2025-12-09,9460,3892,7.29,8.4,60,99,15
344,228,2025-12-10,9673,3343,9.85,4.7,76,15,4
345,120,2025-12-11,4390,1473,8.56,5.3,80,146,14
346,24,2025-12-12,10453,3127,9.69,9.9,93,148,20
347,27,2025-12-13,16904,1941,13.17,8.4,81,104,3
348,75,2025-12-14,16396,1556,11.32,9.5,79,128,4
349,241,2025-12-15,5334,2689,7.7,5.8,67,119,6
350,23,2025-12-16,17285,1655,7.2,8.5,65,129,34
351,161,2025-12-17,3235,2451,9.77,8.3,84,139,35
352,41,2025-12-18,6019,2336,7.11,5.8,58,132,14
353,238,2025-12-19,1675,3565,7.14,7.3,88,38,27
354,239,2025-12-20,10873,3817,0.74,7.8,86,119,1
355,56,2025-12-21,6587,3656,3.02,6.9,59,130,4
356,98,2025-12-22,6945,4034,7.58,9.0,61,78,6
357,146,2025-12-23,5767,3291,12.43,9.0,57,160,21
358,262,2025-12-24,8004,2981,4.54,9.1,52,16,30
359,40,2025-12-25,8728,1715,8.08,8.8,68,137,31
360,193,2025-12-26,7609,3891,5.5,6.9,60,65,7
361,239,2025-12-27,8131,3175,2.02,6.3,57,136,10
362,42,2025-12-28,5099,3370,14.4,9.0,75,86,0
363,222,2025-12-29,16859,2621,12.89,6.9,94,71,39
364,196,2025-12-30,16582,3122,1.64,5.5,72,83,18
365,288,2025-12-31,12639,4075,10.94,7.0,59,24,37
366,10,2026-01-01,6180,3892,5.54,4.9,67,62,36
367,235,2026-01-02,17192,1969,14.93,8.1,61,129,6
368,265,2026-01-03,6412,4029,4.88,6.0,88,44,38
369,69,2026-01-04,5652,4052,3.96,5.6,75,23,24
370,139,2026-01-05,7834,4188,8.73,9.7,60,102,21
371,219,2026-01-06,5451,2307,12.61,8.7,59,131,26
372,196,2026-01-07,8084,2048,3.29,8.7,52,27,37
373,74,2026-01-08,13862,3040,10.79,7.7,56,138,38
374,103,2026-01-09,15692,3752,1.39,9.0,53,134,14
375,225,2026-01-10,17748,1738,13.82,8.6,89,36,1
376,123,2026-01-11,3655,1928,1.68,7.6,57,73,7
377,102,2026-01-12,8433,3501,13.76,9.8,87,69,5
378,264,2026-01-13,2314,2535,7.62,5.1,62,178,19
379,161,2026-01-14,15902,4131,7.0,9.7,61,158,26
380,233,2026-01-15,6272,3351,14.61,6.4,84,23,22
381,275,2026-01-16,1218,1818,14.86,7.2,87,125,39
382,258,2026-01-17,5703,3752,9.93,4.7,92,157,16
383,139,2026-01-18,16994,3079,2.34,7.2,85,101,12
384,227,2026-01-19,2539,1484,7.84,7.7,51,94,3
385,273,2026-01-20,14145,3699,8.17,10.0,64,96,19
386,86,2026-01-21,6064,3151,7.96,9.9,83,148,24
387,291,2026-01-22,14788,1525,8.76,9.8,88,129,21
388,217,2026-01-23,12603,4057,0.77,6.1,75,93,16
389,66,2026-01-24,3488,3427,10.81,9.9,54,33,39
390,257,2026-01-25,17411,2828,10.83,6.7,74,128,10
391,135,2026-01-26,9207,3751,2.17,9.1,83,98,24
392,55,2026-01-27,13770,2689,8.77,5.3,53,46,4
393,243,2026-01-28,8977,4102,8.74,7.0,83,95,20
394,252,2026-01-29,5661,2043,10.4,9.8,76,136,25
395,21,2026-01-30,5549,3958,1.74,9.7,91,161,15
396,163,2026-01-31,16029,3654,9.58,8.1,78,24,39
397,264,2026-02-01,5973,1973,4.57,8.8,54,21,20
398,68,2026-02-02,9436,3958,7.85,5.1,67,104,31
399,107,2026-02-03,11086,3421,11.71,8.3,53,40,3
400,67,2026-02-04,7964,3067,10.73,7.7,50,103,37
401,199,2026-02-05,15842,3648,2.22,4.5,69,93,7
402,192,2026-02-06,2745,2707,9.07,4.7,55,81,8
403,2,2026-02-07,13697,1536,14.55,4.7,69,53,16
404,257,2026-02-08,4879,1529,2.77,8.3,69,39,12
405,1,2026-02-09,3267,2618,12.87,4.9,76,44,8
406,115,2026-02-10,10688,2417,10.69,6.8,75,30,5
407,88,2026-02-11,16065,1831,11.72,6.1,81,120,26
408,197,2026-02-12,11988,3987,4.59,7.3,59,72,36
409,92,2026-02-13,5481,3782,4.67,8.2,67,101,38
410,274,2026-02-14,1929,3973,13.64,8.1,90,154,23
411,160,2026-02-15,8773,4005,5.72,7.1,61,21,8
412,173,2026-02-16,4324,2308,1.41,6.8,59,155,10
413,33,2026-02-17,5587,3413,9.21,6.4,73,101,34
414,73,2026-02-18,1356,3957,2.31,9.2,73,69,28
415,196,2026-02-19,16787,1608,12.05,6.0,87,76,7
416,284,2026-02-20,6499,3384,9.81,5.6,74,124,16
417,87,2026-02-21,4841,1457,13.18,8.5,57,24,6
418,224,2026-02-22,13122,3407,11.88,6.2,63,25,11
419,44,2026-02-23,14409,2768,2.13,9.1,92,31,14
420,138,2026-02-24,8059,2437,6.03,6.0,80,127,28
421,270,2026-02-25,1665,2782,11.73,8.2,73,122,23
422,36,2026-02-26,11220,1776,6.55,4.3,65,104,36
423,34,2026-02-27,11774,3690,14.6,6.3,69,168,13
424,88,2026-02-28,1553,2392,11.17,6.1,87,10,10
425,146,2026-03-01,14860,1814,0.72,8.9,64,84,34
426,16,2026-03-02,8045,1793,13.26,9.8,63,15,16
427,233,2026-03-03,10380,2128,1.96,6.8,61,96,26
428,41,2026-03-04,1149,1757,2.54,8.9,83,146,2
429,255,2026-03-05,17373,2999,11.15,8.2,57,71,1
430,281,2026-03-06,14343,2581,13.04,9.8,68,67,3
431,126,2026-03-07,3853,4121,8.28,8.9,54,117,17
432,8,2026-03-08,11128,3465,4.69,4.5,76,28,19
433,176,2026-03-09,13580,4175,5.59,8.3,90,118,20
434,228,2026-03-10,16254,4008,5.47,7.2,62,150,13
435,18,2026-03-11,3736,2991,5.24,4.1,81,132,7
436,56,2026-03-12,1956,1554,4.02,5.5,80,169,1
437,35,2026-03-13,12440,2990,9.33,9.5,90,109,25
438,118,2026-03-14,6180,2954,13.56,9.6,86,18,18
439,282,2026-03-15,9607,1886,4.95,8.8,51,58,27
440,254,2026-03-16,12646,3598,3.21,9.9,56,174,28
441,213,2026-03-17,15342,2782,12.66,8.8,60,40,4
442,61,2026-03-18,6013,3815,11.26,4.1,60,168,27
443,88,2026-03-19,1084,2470,14.0,5.7,72,68,25
444,271,2026-03-20,2935,3654,2.9,4.2,80,156,4
445,32,2026-03-21,10608,3897,2.59,4.6,93,139,14
446,133,2026-03-22,10262,2906,8.35,5.3,94,54,8
447,64,2026-03-23,12604,3275,9.41,7.0,57,105,31
448,199,2026-03-24,10713,2323,7.46,9.1,81,52,25
449,256,2026-03-25,3473,4144,9.19,9.2,70,107,36
450,155,2026-03-26,1735,4017,3.12,7.7,80,10,14
451,231,2026-03-27,3838,3590,7.45,9.6,50,140,3
452,35,2026-03-28,3562,2470,10.04,7.0,62,100,35
453,26,2026-03-29,14440,1590,6.77,9.3,60,53,19
454,23,2026-03-30,4906,1539,10.35,6.7,78,144,26
455,141,2026-03-31,2272,2014,7.04,5.7,53,42,20
456,285,2026-04-01,5836,2914,5.34,9.5,85,146,21
457,156,2026-04-02,2862,2023,4.9,6.3,64,39,6
458,113,2026-04-03,5226,2739,6.46,7.0,52,155,30
459,139,2026-04-04,13610,2745,0.83,6.0,78,65,16
460,209,2026-04-05,10014,1486,10.19,8.0,70,114,6
461,86,2026-04-06,17926,3317,12.75,10.0,51,40,18
462,285,2026-04-07,7209,1681,5.64,4.2,55,98,27
463,60,2026-04-08,11270,2497,1.17,9.4,80,10,9
464,54,2026-04-09,4649,1852,14.81,4.0,73,119,26
465,93,2026-04-10,15126,1446,4.32,6.2,89,91,12
466,265,2026-04-11,17073,3011,2.34,5.0,66,28,1
467,213,2026-04-12,4666,3478,5.86,8.5,54,124,21
468,10,2026-04-13,14357,3981,11.21,4.3,51,135,19
469,203,2026-04-14,16448,3464,4.76,7.3,61,73,4
470,196,2026-04-15,10913,3083,8.83,5.8,54,62,5
471,58,2026-04-16,9566,2658,6.53,4.8,91,15,34
472,256,2026-04-17,16605,1791,2.21,8.6,90,26,0
473,223,2026-04-18,1557,1753,5.29,5.3,69,55,34
474,180,2026-04-19,10472,1704,11.01,5.3,57,127,2
475,35,2026-04-20,12615,3022,9.37,5.7,50,82,35
476,103,2026-04-21,7040,2973,2.24,7.5,55,110,6
477,161,2026-04-22,14884,2963,2.87,8.0,60,100,28
478,200,2026-04-23,2128,3012,9.79,4.1,52,15,14
479,160,2026-04-24,10292,3348,12.29,5.5,80,118,10
480,183,2026-04-25,6349,3956,5.57,6.6,77,49,17
481,136,2026-04-26,13319,2111,9.13,6.0,92,100,3
482,226,2026-04-27,10823,2818,2.97,9.3,54,75,23
483,243,2026-04-28,1057,4132,5.01,8.7,75,146,10
484,106,2026-04-29,9503,2185,0.79,7.8,65,20,5
485,71,2026-04-30,11193,2256,11.64,6.0,80,157,17
486,77,2026-05-01,6493,1576,6.31,8.2,77,125,14
487,54,2026-05-02,4877,2829,12.33,9.1,56,52,2
488,277,2026-05-03,3282,3748,10.77,7.6,87,67,16
489,111,2026-05-04,12375,3892,12.52,8.7,58,163,32
490,224,2026-05-05,2431,3468,4.64,8.5,88,47,33
491,75,2026-05-06,13526,2110,3.18,7.4,84,103,29
492,14,2026-05-07,2775,4148,14.59,5.9,92,45,18
493,258,2026-05-08,12351,3267,10.9,8.5,76,15,8
494,189,2026-05-09,15639,1551,12.59,5.2,61,140,39
495,239,2026-05-10,5385,2866,0.69,8.7,74,74,30
496,91,2026-05-11,16203,1495,5.64,8.8,92,133,26
497,184,2026-05-12,4974,2498,11.27,8.9,78,126,24
498,17,2026-05-13,6905,2039,1.63,6.8,80,27,6
499,12,2026-05-14,5465,2556,8.73,5.2,83,160,6
500,166,2026-05-15,7945,3847,6.72,4.6,82,105,19
501,146,2026-05-16,12058,3693,0.76,8.5,76,166,35
502,282,2026-05-17,13636,1511,3.92,9.3,51,160,18
503,37,2026-05-18,3302,2593,4.63,7.9,63,137,1
504,70,2026-05-19,5966,3022,2.12,4.9,62,45,33
505,169,2026-05-20,14447,3033,9.66,9.6,73,79,16
506,170,2026-05-21,15162,2561,4.01,9.9,54,104,23
507,253,2026-05-22,17058,3017,4.53,6.6,83,143,8
508,297,2026-05-23,9714,2659,13.52,7.6,72,171,0
509,142,2026-05-24,11899,3071,7.27,8.7,68,53,27
510,273,2026-05-25,3998,2994,6.19,8.4,79,53,14
511,225,2026-05-26,1909,3563,11.0,9.8,92,36,20
512,183,2026-05-27,13729,2895,13.69,4.7,65,109,14
513,221,2026-05-28,2880,2624,0.86,7.5,89,61,22
514,53,2026-05-29,13497,1691,7.0,8.2,83,179,1
515,118,2026-05-30,8527,3789,9.36,9.3,60,34,35
516,159,2026-05-31,6696,2414,5.12,9.2,63,83,8
517,136,2026-06-01,4072,3033,11.7,9.9,64,48,1
518,77,2026-06-02,13018,2639,14.59,7.1,84,176,1
519,45,2026-06-03,5476,3059,14.18,9.0,56,149,17
520,18,2026-06-04,12067,1984,4.36,6.6,78,148,16
521,205,2026-06-05,5489,3313,3.78,6.5,93,122,7
522,83,2026-06-06,17219,3426,14.38,5.5,71,12,33
523,50,2026-06-07,15367,2892,7.15,8.9,72,124,33
524,281,2026-06-08,7855,1426,3.52,9.9,73,31,4
525,166,2026-06-09,4097,3100,10.75,5.5,84,13,28
526,243,2026-06-10,12817,1854,4.62,4.3,59,145,27
527,164,2026-06-11,2084,2317,4.38,8.9,57,23,15
528,56,2026-06-12,1552,4027,13.25,7.7,61,23,13
529,39,2026-06-13,2153,1413,2.86,9.8,78,25,1
530,128,2026-06-14,9689,3545,1.43,5.5,78,169,39
531,122,2026-06-15,14483,1678,4.4,4.4,72,73,3
532,247,2026-06-16,16034,3363,9.3,7.0,75,25,30
533,186,2026-06-17,13159,1889,2.28,4.5,86,61,25
534,208,2026-06-18,1805,2384,7.34,5.6,81,28,26
535,239,2026-06-19,1920,2360,9.6,4.8,87,78,33
536,215,2026-06-20,14162,3182,12.81,5.3,55,149,30
537,292,2026-06-21,2443,4071,3.83,4.6,57,102,10
538,224,2026-06-22,8048,3654,12.35,9.7,66,14,7
539,88,2026-06-23,14707,3287,3.91,5.7,61,51,11
540,25,2026-06-24,2210,3269,10.31,6.7,71,26,34
541,220,2026-06-25,17004,2996,6.74,9.4,63,120,33
542,275,2026-06-26,11272,4044,2.16,8.1,83,81,12
543,135,2026-06-27,7212,4142,10.86,7.7,68,113,26
544,233,2026-06-28,11340,2662,3.66,8.2,55,103,7
545,66,2026-06-29,10700,1649,3.06,9.0,67,19,20
546,80,2026-06-30,9581,3006,5.7,9.3,85,25,10
547,255,2026-07-01,14045,2139,9.97,7.9,86,153,21
548,125,2026-07-02,3570,1705,3.89,9.3,87,51,20
549,146,2026-07-03,3779,3206,3.16,7.2,64,12,27
550,103,2026-07-04,12628,3336,0.64,5.7,87,160,2
551,277,2026-07-05,2722,3225,7.34,9.3,89,130,6
552,124,2026-07-06,14885,4165,6.72,7.2,58,165,13
553,267,2026-07-07,1102,1582,3.89,9.4,55,33,14
554,278,2026-07-08,14262,4092,1.28,4.2,51,28,8
555,111,2026-07-09,8453,1429,6.72,6.4,65,84,6
556,89,2026-07-10,10639,2811,11.93,9.7,50,49,11
557,158,2026-07-11,13406,2166,10.87,5.5,79,55,18
558,216,2026-07-12,13224,2014,12.98,9.6,82,49,26
559,36,2026-07-13,7172,2404,0.64,9.7,50,71,17
560,87,2026-07-14,12252,3521,14.51,9.3,88,27,12
561,118,2026-07-15,8197,1423,5.45,7.4,65,149,0
562,182,2026-07-16,14677,3875,14.86,7.9,66,151,37
563,68,2026-07-17,12039,2455,4.16,9.2,87,91,20
564,159,2026-07-18,5570,3786,7.34,8.7,67,117,33
565,285,2026-07-19,7706,3370,5.63,7.8,71,21,12
566,164,2026-07-20,12655,3404,5.66,9.9,71,113,22
567,73,2026-07-21,1434,2938,12.71,8.1,84,164,0
568,119,2026-07-22,16139,3959,11.32,9.9,80,143,22
569,195,2026-07-23,10449,2071,14.89,4.3,89,97,27
570,89,2026-07-24,10122,1970,9.4,4.8,76,124,31
571,76,2026-07-25,14603,2163,7.22,6.7,85,42,7
572,221,2026-07-26,11991,2642,1.81,6.3,53,127,25
573,139,2026-07-27,14859,2112,14.95,8.7,54,89,13
574,241,2026-07-28,16571,4036,8.5,5.0,74,21,23
575,154,2026-07-29,7461,2166,10.66,9.9,80,104,28
576,53,2026-07-30,6996,3182,6.4,5.9,63,62,3
577,142,2026-07-31,5852,2693,8.44,6.6,79,22,17
578,31,2026-08-01,3512,3074,14.17,5.6,61,131,13
579,223,2026-08-02,16446,3525,2.91,7.5,76,111,26
580,292,2026-08-03,2263,3457,4.74,4.4,94,140,2
581,266,2026-08-04,3747,2891,2.7,4.9,73,67,29
582,282,2026-08-05,16416,2759,11.99,8.5,79,13,35
583,276,2026-08-06,8280,2035,1.4,5.1,67,75,22
584,44,2026-08-07,11974,2609,1.68,5.4,63,124,17
585,62,2026-08-08,11978,4039,4.83,8.8,68,45,39
586,201,2026-08-09,12007,4165,7.96,4.6,71,32,9
587,9,2026-08-10,4763,4012,6.39,6.6,75,28,11
588,71,2026-08-11,13227,3091,1.15,4.1,56,49,7
589,90,2026-08-12,14031,2697,14.38,6.1,77,81,31
590,24,2026-08-13,11515,3857,14.32,8.2,87,153,16
591,140,2026-08-14,1232,1757,4.55,4.5,54,67,13
592,78,2026-08-15,13544,3070,11.11,9.3,85,116,36
593,214,2026-08-16,3028,3545,8.89,9.5,67,27,8
594,16,2026-08-17,17022,2406,3.94,4.6,63,45,25
595,29,2026-08-18,10650,1640,4.3,9.9,72,161,23
596,291,2026-08-19,3413,4004,7.62,5.8,63,138,22
597,43,2026-08-20,9026,4158,6.58,4.5,81,10,30
598,53,2026-08-21,6418,3226,4.72,4.0,54,73,38
599,276,2026-08-22,10952,2664,12.21,6.5,71,71,1
600,232,2026-08-23,4597,1555,7.48,7.8,77,119,17
601,212,2026-08-24,1620,1751,10.0,6.0,92,173,15
602,8,2026-08-25,1929,1443,3.24,9.0,61,84,28
603,122,2026-08-26,16455,4039,8.24,8.3,67,155,10
604,42,2026-08-27,15905,1537,5.11,6.1,85,25,1
605,233,2026-08-28,1974,3367,8.13,8.4,80,26,13
606,70,2026-08-29,13679,3883,11.82,9.6,62,33,3
607,16,2026-08-30,5671,2153,11.65,4.6,69,107,38
608,69,2026-08-31,14599,1542,5.64,5.8,94,139,33
609,53,2026-09-01,13810,3246,10.57,6.8,85,147,38
610,173,2026-09-02,9917,3709,14.15,7.0,56,23,8
611,262,2026-09-03,9353,3959,9.57,7.3,72,121,39
612,289,2026-09-04,8784,4120,2.65,5.8,83,75,6
613,15,2026-09-05,15225,1461,10.36,8.0,81,91,16
614,270,2026-09-06,1658,2990,2.02,7.9,70,102,22
615,167,2026-09-07,3897,2846,13.15,7.5,55,81,10
616,63,2026-09-08,13291,2819,7.99,4.7,65,110,21
617,261,2026-09-09,14572,3419,6.08,6.9,84,58,17
618,121,2026-09-10,4205,3478,1.33,6.1,69,99,27
619,240,2026-09-11,5044,2592,6.02,6.9,91,46,15
620,107,2026-09-12,4433,3713,13.6,9.5,90,170,3
621,180,2026-09-13,7711,3755,0.8,6.9,60,159,35
622,16,2026-09-14,8384,3906,7.38,4.1,81,79,21
623,215,2026-09-15,4059,1733,14.0,6.6,63,42,10
624,77,2026-09-16,16915,3962,6.23,8.9,73,37,20
625,225,2026-09-17,8513,3888,6.71,8.7,93,97,39
626,93,2026-09-18,14865,4120,8.89,7.1,88,13,15
627,181,2026-09-19,2674,3838,7.21,5.5,92,75,8
628,174,2026-09-20,10800,3195,2.94,6.8,80,86,34
629,219,2026-09-21,14978,4007,0.77,7.4,66,119,33
630,143,2026-09-22,17697,1653,9.34,10.0,74,58,8
631,282,2026-09-23,17767,2823,13.85,7.9,58,137,12
632,259,2026-09-24,6884,2427,2.04,8.2,71,148,5
633,47,2026-09-25,14383,3311,3.56,6.9,94,44,3
634,5,2026-09-26,6248,3566,5.87,6.1,84,176,27
635,62,2026-09-27,4429,2395,12.23,8.9,86,147,10
636,84,2026-09-28,17611,1869,4.4,7.0,66,83,33
637,133,2026-09-29,11256,2893,13.29,10.0,77,78,34
638,63,2026-09-30,9203,3287,1.3,6.7,50,160,4
639,281,2026-10-01,8765,2923,14.14,4.4,58,43,38
640,44,2026-10-02,2522,2493,8.63,8.1,62,133,10
641,153,2026-10-03,1691,2093,10.05,4.3,81,120,11
642,270,2026-10-04,2739,2793,5.83,5.5,77,41,18
643,171,2026-10-05,2525,3444,11.84,6.1,80,25,12
644,156,2026-10-06,17453,1580,2.92,8.4,57,77,3
645,275,2026-10-07,7251,2620,1.21,7.0,57,63,13
646,20,2026-10-08,11440,1446,6.23,4.2,83,133,1
647,214,2026-10-09,14860,2033,12.88,7.7,72,165,7
648,79,2026-10-10,8649,2563,11.45,6.5,59,121,21
649,139,2026-10-11,2287,3088,8.0,9.5,86,69,12
650,98,2026-10-12,14193,2963,8.8,7.0,74,87,20
651,152,2026-10-13,9767,2850,2.38,8.3,82,85,20
652,198,2026-10-14,16913,1988,12.69,5.3,94,69,27
653,273,2026-10-15,16629,3277,11.91,8.6,53,94,32
654,156,2026-10-16,5954,3757,10.02,8.3,56,121,28
655,50,2026-10-17,1744,3721,7.26,9.4,82,89,36
656,228,2026-10-18,11719,2962,14.48,4.2,51,127,21
657,10,2026-10-19,13402,2239,13.25,6.7,81,11,25
658,149,2026-10-20,5576,2813,9.84,8.1,54,32,10
659,58,2026-10-21,10216,3906,5.89,4.6,66,55,10
660,162,2026-10-22,17363,2132,9.46,6.5,61,82,33
661,107,2026-10-23,6050,3808,8.84,9.7,61,63,18
662,289,2026-10-24,14948,2417,6.22,6.6,84,80,36
663,186,2026-10-25,3438,4109,4.95,9.9,70,134,13
664,46,2026-10-26,11382,4146,6.4,4.3,70,90,28
665,129,2026-10-27,15663,2854,8.82,8.3,51,18,18
666,87,2026-10-28,15069,2157,6.71,7.5,70,79,36
667,249,2026-10-29,9819,3402,4.32,7.0,64,93,20
668,257,2026-10-30,17760,2020,11.53,9.8,60,83,23
669,277,2026-10-31,13078,3288,8.21,4.8,59,82,25
670,278,2026-11-01,17473,1581,1.48,9.4,67,21,11
671,4,2026-11-02,12047,4133,5.84,8.1,72,41,18
672,65,2026-11-03,10257,4128,13.33,5.6,80,171,29
673,202,2026-11-04,14805,3695,11.45,9.4,75,92,14
674,63,2026-11-05,17212,4067,5.19,6.6,51,42,2
675,143,2026-11-06,11296,2720,14.1,8.9,88,73,12
676,244,2026-11-07,15570,3199,1.61,6.3,56,57,8
677,292,2026-11-08,3655,3477,14.44,9.1,73,25,12
678,285,2026-11-09,15727,2725,4.06,7.8,88,123,15
679,180,2026-11-10,4017,2899,0.63,4.8,81,160,13
680,174,2026-11-11,15142,2347,6.79,7.9,75,35,7
681,111,2026-11-12,8343,2775,5.71,5.1,72,63,18
682,175,2026-11-13,13339,2384,8.32,6.5,63,46,31
683,153,2026-11-14,2573,3764,12.05,5.0,78,18,34
684,217,2026-11-15,6597,4184,12.72,4.1,74,22,22
685,297,2026-11-16,4926,2820,6.32,5.3,80,69,20
686,240,2026-11-17,11244,3615,6.73,7.2,51,115,17
687,226,2026-11-18,4796,4190,2.65,6.9,51,135,13
688,186,2026-11-19,9823,1525,1.19,7.0,72,89,15
689,48,2026-11-20,11053,4020,9.8,5.5,60,137,23
690,208,2026-11-21,1535,1519,1.43,8.1,78,139,31
691,157,2026-11-22,16701,2851,11.14,8.2,91,69,10
692,225,2026-11-23,8884,2408,8.32,6.1,84,124,10
693,144,2026-11-24,12725,2613,3.38,9.3,58,52,3
694,111,2026-11-25,7881,2851,8.32,7.9,81,156,25
695,132,2026-11-26,14017,4007,3.15,8.3,79,133,4
696,113,2026-11-27,10467,2096,6.86,5.7,64,148,35
697,89,2026-11-28,4073,3670,12.09,4.0,63,56,32
698,161,2026-11-29,16963,2915,7.2,9.2,66,72,13
699,75,2026-11-30,2025,2434,2.66,8.9,71,144,31
700,281,2026-12-01,3051,2935,11.0,4.7,79,103,6
701,7,2026-12-02,4621,2213,3.21,6.2,66,132,9
702,113,2026-12-03,15405,1709,11.21,8.0,65,40,1
703,36,2026-12-04,5403,2411,7.45,7.9,57,64,9
704,266,2026-12-05,4323,4196,7.08,9.2,88,162,34
705,113,2026-12-06,6017,2457,12.85,4.8,80,39,20
706,292,2026-12-07,7435,2418,10.77,6.6,61,45,39
707,223,2026-12-08,16492,3928,0.98,4.6,82,59,7
708,211,2026-12-09,14170,4021,4.79,6.3,61,151,17
709,18,2026-12-10,6816,2224,13.13,4.1,74,38,8
710,241,2026-12-11,5604,3444,0.77,9.4,87,164,29
711,134,2026-12-12,4424,2516,8.41,7.2,67,126,3
712,220,2026-12-13,15628,2027,11.05,9.1,68,45,34
713,102,2026-12-14,12861,2556,9.52,4.4,52,171,13
714,140,2026-12-15,13501,2388,11.53,5.4,84,30,13
715,169,2026-12-16,3812,3866,11.02,5.6,54,47,36
716,191,2026-12-17,1044,2891,10.53,6.3,84,84,19
717,25,2026-12-18,10402,3228,12.41,8.8,76,135,28
718,33,2026-12-19,9785,3477,9.86,6.3,86,46,22
719,6,2026-12-20,15581,3392,6.34,5.2,70,129,20
720,194,2026-12-21,2926,3745,7.34,4.4,65,156,30
721,230,2026-12-22,1856,2484,10.89,4.5,77,127,31
722,137,2026-12-23,6988,3905,13.21,8.6,74,10,6
723,216,2026-12-24,9743,3751,4.45,6.7,82,177,12
724,183,2026-12-25,5138,1739,5.46,8.4,66,64,22
725,168,2026-12-26,12080,3895,14.0,8.1,92,163,7
726,282,2026-12-27,17082,3259,8.89,4.8,79,68,11
727,38,2026-12-28,15870,2725,3.09,4.9,90,60,35
728,163,2026-12-29,1606,3987,10.12,8.5,53,116,15
729,142,2026-12-30,9863,3932,14.87,8.3,51,152,25
730,248,2026-12-31,6022,1476,12.44,6.3,58,17,28
731,103,2027-01-01,17400,3056,11.31,4.5,80,103,28
732,199,2027-01-02,6149,3962,3.52,4.1,74,151,5
733,200,2027-01-03,6311,2972,13.2,5.7,86,106,36
734,42,2027-01-04,3484,4106,8.12,4.1,85,16,32
735,147,2027-01-05,16012,1491,13.39,5.4,54,27,30
736,66,2027-01-06,16833,3274,5.28,6.5,73,21,17
737,193,2027-01-07,12041,1865,1.4,4.7,73,11,37
738,298,2027-01-08,4807,3913,7.4,4.6,78,102,30
739,38,2027-01-09,4173,4137,4.41,9.4,94,158,15
740,141,2027-01-10,15212,2752,10.87,7.5,80,16,39
741,106,2027-01-11,11199,2708,14.38,9.6,86,21,36
742,152,2027-01-12,3412,2346,10.52,6.1,68,93,13
743,38,2027-01-13,17093,1953,13.36,8.1,72,66,38
744,97,2027-01-14,4182,3440,7.07,5.2,84,87,3
745,108,2027-01-15,2014,3556,11.69,7.7,55,83,29
746,119,2027-01-16,7913,1491,12.72,4.8,55,32,32
747,151,2027-01-17,3727,2402,10.81,4.0,86,39,35
748,74,2027-01-18,3852,1767,7.86,9.6,79,120,29
749,57,2027-01-19,10077,2219,9.58,7.3,50,67,13
750,252,2027-01-20,2273,1822,10.66,9.6,57,104,22
751,292,2027-01-21,8649,1971,4.17,6.0,77,61,27
752,255,2027-01-22,2955,2663,12.24,6.0,74,65,6
753,254,2027-01-23,9778,1834,14.28,6.4,82,19,9
754,259,2027-01-24,5549,3659,7.25,8.2,87,156,3
755,270,2027-01-25,16863,2823,10.67,7.4,63,156,37
756,34,2027-01-26,12809,3033,11.19,9.6,60,117,12
757,238,2027-01-27,9302,3973,10.1,4.2,51,96,20
758,179,2027-01-28,9100,3153,8.43,8.2,79,93,32
759,104,2027-01-29,3911,1867,13.28,6.0,79,13,39
760,29,2027-01-30,13091,2593,7.01,5.1,53,106,27
761,227,2027-01-31,10099,3242,1.39,7.1,62,121,22
762,232,2027-02-01,6663,2191,12.75,7.0,56,150,31
763,117,2027-02-02,12881,3657,10.27,4.8,87,76,4
764,207,2027-02-03,15368,3703,12.81,5.2,52,149,25
765,185,2027-02-04,17938,3106,2.51,6.4,58,102,38
766,138,2027-02-05,9298,1472,0.95,6.5,63,104,25
767,164,2027-02-06,4336,1546,14.05,5.9,60,50,2
768,75,2027-02-07,7369,1716,2.64,4.9,86,173,23
769,233,2027-02-08,3534,2005,12.24,4.0,63,11,33
770,284,2027-02-09,3226,1974,12.44,9.8,68,31,33
771,255,2027-02-10,10585,2577,10.78,9.7,57,159,19
772,9,2027-02-11,1166,3994,2.4,6.9,56,50,29
773,203,2027-02-12,11902,1711,10.18,10.0,56,104,19
774,91,2027-02-13,4624,2164,13.39,8.0,52,125,17
775,150,2027-02-14,10717,3581,6.67,4.4,52,129,37
776,176,2027-02-15,13601,1835,6.5,4.7,67,23,19
777,33,2027-02-16,14103,1757,6.92,9.5,94,102,5
778,184,2027-02-17,14030,3699,1.69,7.8,82,44,24
779,157,2027-02-18,3774,1534,13.43,9.1,86,18,2
780,53,2027-02-19,10017,1922,13.1,9.4,77,127,18
781,296,2027-02-20,11150,2203,14.97,6.7,85,105,9
782,202,2027-02-21,4739,4107,8.99,4.3,65,68,4
783,274,2027-02-22,15911,3766,11.39,5.1,64,65,21
784,175,2027-02-23,5464,1479,3.44,4.4,78,19,8
785,244,2027-02-24,13381,2876,10.18,5.1,67,34,32
786,269,2027-02-25,14746,3861,9.92,6.5,68,20,14
787,74,2027-02-26,5094,3440,13.57,4.7,78,110,23
788,96,2027-02-27,3930,1767,12.55,5.0,55,18,29
789,173,2027-02-28,1763,2406,14.11,6.7,94,144,35
790,155,2027-03-01,12552,2392,13.1,6.0,76,80,38
791,183,2027-03-02,4450,1995,13.1,6.8,56,171,5
792,289,2027-03-03,15102,3296,1.42,6.6,76,92,14
793,258,2027-03-04,2861,4148,12.77,7.9,68,29,37
794,75,2027-03-05,11806,2444,9.31,9.6,66,123,38
795,174,2027-03-06,14283,3996,6.02,4.6,90,98,21
796,231,2027-03-07,17493,3693,1.32,4.6,60,14,2
797,247,2027-03-08,13436,3730,10.33,9.1,54,121,28
798,161,2027-03-09,9890,4061,5.26,7.0,51,64,28
799,186,2027-03-10,16352,3679,7.28,8.6,61,98,30
800,143,2027-03-11,6529,3763,10.39,5.3,91,24,1
801,282,2027-03-12,16843,3223,13.72,9.0,91,13,34
802,128,2027-03-13,9299,3411,12.47,9.5,60,87,8
803,166,2027-03-14,9580,3399,7.03,7.8,59,129,21
804,27,2027-03-15,9616,1810,6.12,4.6,77,122,18
805,246,2027-03-16,12157,3692,3.98,9.4,56,30,36
806,135,2027-03-17,11191,1786,5.9,8.8,63,146,9
807,202,2027-03-18,12767,4136,2.11,8.5,62,75,20
808,21,2027-03-19,3026,3148,14.58,4.2,54,116,16
809,79,2027-03-20,11958,3805,8.82,8.8,91,172,2
810,158,2027-03-21,2855,2421,2.35,4.8,57,121,6
811,94,2027-03-22,16063,4061,5.62,5.3,50,126,36
812,8,2027-03-23,15915,3469,8.43,7.5,54,137,35
813,259,2027-03-24,6958,1418,8.23,5.6,60,111,2
814,55,2027-03-25,15705,1675,1.01,8.0,92,87,12
815,36,2027-03-26,11108,2058,14.29,7.6,59,46,29
816,6,2027-03-27,6761,1951,4.49,4.6,64,15,22
817,42,2027-03-28,1688,2078,0.73,7.9,88,91,6
818,50,2027-03-29,7306,2002,1.61,9.5,78,95,29
819,112,2027-03-30,6072,1764,8.91,5.0,74,91,28
820,146,2027-03-31,11909,3373,2.5,7.6,55,60,7
821,230,2027-04-01,13713,2194,1.11,6.1,60,75,9
822,211,2027-04-02,13614,2758,6.0,6.8,66,105,32
823,30,2027-04-03,10321,4099,9.53,5.7,64,154,19
824,295,2027-04-04,7086,3174,2.12,6.1,65,74,28
825,116,2027-04-05,13731,1989,5.04,4.2,51,18,28
826,226,2027-04-06,14341,1598,6.56,9.9,85,150,20
827,59,2027-04-07,7667,3464,2.81,7.7,68,110,0
828,76,2027-04-08,13976,1617,7.84,7.0,87,167,33
829,216,2027-04-09,13333,2140,1.74,6.3,70,40,31
830,132,2027-04-10,6290,2049,1.17,7.2,60,160,13
831,81,2027-04-11,14044,3594,8.04,6.3,90,72,36
832,67,2027-04-12,14537,2069,4.09,6.2,52,165,34
833,230,2027-04-13,16669,2837,1.88,6.8,83,68,23
834,277,2027-04-14,17340,2064,6.65,5.7,67,19,0
835,72,2027-04-15,16955,2255,13.77,5.1,64,98,5
836,209,2027-04-16,3887,3777,11.0,7.3,74,133,3
837,272,2027-04-17,16794,2294,12.33,9.1,64,109,37
838,144,2027-04-18,15560,3293,13.14,4.9,79,99,0
839,251,2027-04-19,2340,2586,14.6,4.2,66,35,30
840,284,2027-04-20,12929,3242,11.57,5.5,67,86,35
841,179,2027-04-21,1094,3548,9.32,9.9,80,26,8
842,80,2027-04-22,13840,1726,5.8,9.0,92,177,22
843,57,2027-04-23,16756,3774,3.13,7.6,67,77,30
844,174,2027-04-24,9126,3457,10.46,9.6,84,32,28
845,238,2027-04-25,11923,3800,14.93,6.7,62,172,20
846,166,2027-04-26,8053,1582,7.28,9.9,63,18,2
847,84,2027-04-27,16172,1854,10.99,5.8,85,54,25
848,48,2027-04-28,11935,3069,7.68,5.4,67,174,5
849,127,2027-04-29,13467,1405,6.76,7.8,54,156,19
850,169,2027-04-30,12073,2756,6.45,6.3,63,84,12
851,67,2027-05-01,8691,1610,7.82,7.8,74,36,22
852,194,2027-05-02,14770,1450,5.82,5.8,93,150,14
853,155,2027-05-03,16688,2868,11.36,7.7,88,149,30
854,160,2027-05-04,1201,2409,13.18,5.7,61,18,3
855,184,2027-05-05,14829,1776,13.3,4.3,89,101,10
856,266,2027-05-06,4086,4087,3.8,9.5,77,86,1
857,168,2027-05-07,12305,2474,13.49,9.3,84,93,15
858,145,2027-05-08,3590,1553,5.45,9.8,50,86,30
859,186,2027-05-09,8125,1981,4.98,8.3,52,164,38
860,262,2027-05-10,8860,2187,11.04,8.1,92,38,3
861,274,2027-05-11,6408,2190,4.92,7.4,56,159,27
862,223,2027-05-12,2948,3581,1.27,4.8,58,82,15
863,42,2027-05-13,4963,3667,5.92,5.1,85,97,38
864,4,2027-05-14,1693,1562,10.96,5.7,72,115,24
865,276,2027-05-15,6363,2370,5.24,9.3,73,156,12
866,284,2027-05-16,13125,2047,9.63,5.0,59,47,4
867,193,2027-05-17,12924,4016,10.07,9.5,61,104,29
868,104,2027-05-18,6887,2925,11.14,7.1,68,48,0
869,247,2027-05-19,11851,2345,13.51,8.3,81,152,4
870,300,2027-05-20,8734,2088,6.77,4.7,73,63,13
871,23,2027-05-21,10913,3562,2.91,5.6,71,169,10
872,13,2027-05-22,17191,2922,5.12,9.8,52,119,33
873,144,2027-05-23,6293,2895,6.77,5.6,89,121,28
874,218,2027-05-24,14845,3447,10.85,5.8,76,61,17
875,183,2027-05-25,14820,2572,0.69,5.2,68,171,14
876,242,2027-05-26,3291,1522,5.08,4.8,58,44,24
877,193,2027-05-27,15395,2203,11.81,5.4,62,46,29
878,272,2027-05-28,13391,2492,10.23,7.9,51,87,1
879,165,2027-05-29,3698,1462,11.11,6.7,85,70,39
880,180,2027-05-30,12566,2132,12.27,7.3,78,120,26
881,117,2027-05-31,10202,4037,11.86,4.7,60,123,14
882,266,2027-06-01,15055,3057,10.39,8.8,83,18,31
883,38,2027-06-02,2041,2347,6.88,8.7,53,28,19
884,44,2027-06-03,10872,3664,14.76,4.1,53,130,13
885,74,2027-06-04,4621,1878,8.75,6.3,50,114,26
886,226,2027-06-05,4352,2537,3.44,4.4,74,165,2
887,13,2027-06-06,11937,3396,4.75,8.8,75,89,2
888,12,2027-06-07,15602,2803,10.56,8.4,60,35,12
889,50,2027-06-08,9972,2376,13.91,9.4,72,175,24
890,249,2027-06-09,1945,1636,3.09,5.4,51,49,17
891,119,2027-06-10,8973,3923,1.69,6.7,68,34,0
892,57,2027-06-11,15118,3354,13.28,5.1,78,108,38
893,182,2027-06-12,12290,1997,13.77,6.2,89,127,4
894,264,2027-06-13,17383,3102,4.51,7.1,53,78,1
895,106,2027-06-14,11366,3576,5.97,4.3,65,80,29
896,191,2027-06-15,2797,3957,10.07,8.3,86,160,16
897,137,2027-06-16,12248,1564,5.28,7.3,76,98,28
898,188,2027-06-17,3257,3724,13.22,9.0,54,74,3
899,120,2027-06-18,3197,3704,2.06,5.6,64,159,8
900,242,2027-06-19,9222,1969,1.05,9.4,72,73,20
901,72,2027-06-20,15152,1540,3.52,10.0,52,67,11
902,243,2027-06-21,3912,2085,4.65,9.5,67,165,11
903,131,2027-06-22,12004,2086,2.14,8.7,92,121,3
904,269,2027-06-23,9874,4163,1.45,8.9,75,132,27
905,52,2027-06-24,16416,3438,11.46,7.4,55,106,8
906,62,2027-06-25,7152,2474,2.88,5.1,93,115,39
907,119,2027-06-26,8172,2926,13.75,8.1,66,13,31
908,264,2027-06-27,4185,2682,5.84,8.3,87,138,12
909,239,2027-06-28,10161,3625,10.22,9.9,91,35,33
910,255,2027-06-29,16765,2321,3.77,7.2,76,42,18
911,173,2027-06-30,5862,3990,3.98,5.6,69,36,13
912,237,2027-07-01,4070,2741,8.83,8.1,55,51,4
913,95,2027-07-02,12940,3089,8.63,9.9,84,80,26
914,57,2027-07-03,9563,1763,11.65,5.1,61,73,27
915,67,2027-07-04,15931,2478,11.49,6.0,52,34,25
916,46,2027-07-05,17585,2467,10.22,7.3,53,81,9
917,94,2027-07-06,17472,4040,7.01,5.0,94,114,23
918,138,2027-07-07,15772,3430,13.41,4.1,53,141,16
919,93,2027-07-08,15455,3989,9.53,6.0,53,21,15
920,232,2027-07-09,7299,3769,14.86,9.2,88,67,16
921,49,2027-07-10,11188,4095,12.38,4.3,70,104,0
922,23,2027-07-11,13686,3461,1.14,6.6,93,148,20
923,62,2027-07-12,15011,2780,5.15,8.6,51,110,21
924,267,2027-07-13,13874,2906,8.79,9.7,65,117,4
925,118,2027-07-14,14441,2017,10.96,9.9,56,68,35
926,88,2027-07-15,1054,1758,8.48,6.5,68,126,20
927,89,2027-07-16,5031,2741,11.9,9.7,92,173,8
928,55,2027-07-17,10315,3382,4.6,4.2,82,118,26
929,153,2027-07-18,2552,3014,3.17,8.5,58,31,11
930,239,2027-07-19,8795,1593,1.28,7.9,86,74,17
931,265,2027-07-20,6271,1762,8.81,5.5,66,59,34
932,268,2027-07-21,15665,2519,10.48,7.0,76,13,14
933,113,2027-07-22,1115,2463,5.23,4.8,82,111,29
934,166,2027-07-23,4613,3844,9.4,9.2,61,52,32
935,156,2027-07-24,7372,1506,1.26,6.1,94,114,35
936,8,2027-07-25,17130,1926,1.94,7.8,60,13,39
937,202,2027-07-26,4837,3352,10.68,5.0,62,150,29
938,217,2027-07-27,4533,2183,5.84,5.2,80,175,25
939,292,2027-07-28,10610,3972,10.23,10.0,62,162,20
940,50,2027-07-29,12108,3182,12.56,8.5,87,76,36
941,107,2027-07-30,6831,3149,12.86,9.8,75,64,30
942,9,2027-07-31,2294,2466,3.0,5.8,80,105,16
943,233,2027-08-01,16663,4073,7.55,5.0,71,176,16
944,188,2027-08-02,8550,3265,11.14,7.0,55,74,33
945,110,2027-08-03,14830,3797,11.72,7.0,69,84,23
946,145,2027-08-04,14031,2864,11.88,5.0,70,139,32
947,228,2027-08-05,12869,2405,3.81,8.4,59,129,3
948,114,2027-08-06,6817,3989,3.29,6.2,68,95,8
949,63,2027-08-07,13867,3034,9.06,5.1,84,71,1
950,275,2027-08-08,13086,1493,11.25,6.0,75,121,34
951,124,2027-08-09,11690,3443,5.13,7.4,56,168,37
952,86,2027-08-10,17757,1488,2.02,8.4,86,172,14
953,70,2027-08-11,15770,3353,10.89,6.9,57,135,2
954,47,2027-08-12,15329,3950,4.85,7.2,54,86,30
955,199,2027-08-13,11457,3441,2.91,4.8,93,131,22
956,201,2027-08-14,11034,3661,2.64,9.5,85,166,11
957,276,2027-08-15,2545,2845,5.07,9.6,77,17,7
958,37,2027-08-16,14359,1925,9.09,8.1,52,63,20
959,203,2027-08-17,14146,3639,5.7,4.1,88,144,20
960,130,2027-08-18,14498,3230,0.8,7.2,57,92,31
961,292,2027-08-19,14171,4141,1.91,7.8,64,112,16
962,64,2027-08-20,15202,4089,4.71,10.0,76,160,36
963,263,2027-08-21,5374,1954,10.07,10.0,85,109,23
964,120,2027-08-22,10849,3834,1.93,9.1,65,41,7
965,278,2027-08-23,17990,2080,8.63,4.4,75,71,17
966,202,2027-08-24,14336,2897,2.24,9.7,94,39,10
967,46,2027-08-25,3576,3031,3.57,7.7,93,115,9
968,168,2027-08-26,6051,1602,3.0,8.8,53,48,25
969,110,2027-08-27,17706,1846,1.47,6.4,61,142,5
970,46,2027-08-28,11068,2515,10.23,5.9,66,31,16
971,212,2027-08-29,17967,2177,7.22,6.8,90,165,22
972,28,2027-08-30,12001,3625,12.55,4.9,93,159,36
973,87,2027-08-31,9847,3086,1.93,6.1,75,137,27
974,291,2027-09-01,5881,2228,2.6,9.1,80,38,15
975,157,2027-09-02,9414,1958,4.94,4.2,64,51,11
976,265,2027-09-03,8699,3422,11.61,4.9,83,69,20
977,265,2027-09-04,17045,1502,4.93,4.8,78,128,23
978,22,2027-09-05,6123,2696,6.42,6.4,58,86,27
979,256,2027-09-06,17211,2957,4.87,10.0,63,105,36
980,191,2027-09-07,4550,1515,1.66,5.0,85,95,20
981,232,2027-09-08,11634,2258,14.12,4.9,53,121,32
982,186,2027-09-09,13177,3911,8.45,9.5,87,93,1
983,183,2027-09-10,1166,1503,11.92,9.3,86,15,36
984,202,2027-09-11,9309,3706,10.05,4.2,73,82,18
985,65,2027-09-12,11001,2731,7.96,8.5,66,165,27
986,43,2027-09-13,3206,2328,1.8,7.9,62,86,14
987,221,2027-09-14,2250,4089,9.82,8.6,69,40,0
988,17,2027-09-15,5558,2206,2.75,7.0,66,48,27
989,285,2027-09-16,10863,1959,6.51,9.9,76,59,34
990,183,2027-09-17,3151,3474,9.62,4.3,82,87,31
991,44,2027-09-18,6077,3955,11.84,5.4,70,135,27
992,188,2027-09-19,16552,1926,10.43,6.4,66,174,8
993,263,2027-09-20,3297,2352,10.24,6.7,71,118,23
994,174,2027-09-21,10228,1697,2.66,9.5,74,97,3
995,54,2027-09-22,3614,2176,5.52,7.4,52,24,2
996,220,2027-09-23,2879,1760,1.12,4.3,76,60,21
997,46,2027-09-24,1620,1903,10.93,6.4,76,32,39
998,260,2027-09-25,9262,3376,14.31,6.5,61,162,38
999,195,2027-09-26,2925,4035,4.33,9.8,64,160,24
1000,61,2027-09-27,11553,3477,1.77,7.6,87,19,21
